date,title
2023-05-07,SG發 폭락 한숨 돌렸지만 美 지역은행 '위기설' 변수 [주간 증시 전망]
2023-05-07,'SG 사태' 잠잠해지지만...금융 위기 리스크 여전 [주간증시전망]
2023-05-07,[이번주 증시] 실적 시즌 본격화에 종목간 차별화 전망
2023-05-07,[펀드와치]르세라핌·에스파 줄컴백…춤추는 K팝 ETF
2023-05-07,美금리인상 넘은 증시…실적발표 속 변동성장세[주간증시전망]
2023-05-06,"파월이 떨어뜨린 지수, 애플과 JP모건이 하드캐리 [뉴욕마감]"
2023-05-05,금리인상 하루만에 무너진 美지방은행주…신용경색 도미노[뉴욕마감]
2023-05-04,[유럽개장]장 초반 하락…英 0.44%↓
2023-05-04,"'美 긴축 종료 기대' 中상하이, 휴장 후 첫 거래서 0.82%↑[Asia마감]"
2023-05-04,금리인상 중단 '기대와 우려 사이' 약보합 마감한 코스피 [시황종합]
2023-05-04,"FOMC 불확실성 해소+역외 달러 매도…환율, 1320원대로 하락[외환마감]"
2023-05-04,"[마켓뷰] 코스피, 외국인 순매수 전환에 2500선 사수…모처럼 웃은 바이오株"
2023-05-03,[유럽개장]장 초반 상승세…英 0.38%↑
2023-05-03,연준 금리 결정 기다리며 홍콩 1%대 급락 [Asia마감]
2023-05-03,"FOMC에 촉각 곤두선 코스피, '금융 불안'에 0.91% 하락[시황종합]"
2023-05-03,"[마켓뷰] 0.9% 내린 코스피, 2500 간신히 사수...개인 금리 인상 마무리에 베팅"
2023-05-03,美 FOMC 앞두고 달러 약세에 환율 하루 만에 하락[외환마감]
2023-05-02,"[유럽개장] 주요 시장, 장 초반 일제히 소폭 하락"
2023-05-02,美퍼스트리퍼블릭 매각에 '안도'…日 0.12%↑[Asia마감]
2023-05-02,"[마켓뷰] 코스피, 3거래일 연속 상승… 코스닥도 1.5%↑"
2023-05-02,[시황종합]기관·외인 '사자'에 코스피 상승마감…2차전지·자동차 강세
2023-05-02,"코스피, 외인·기관 동반 매수에 2520선 상승 마감 [마감시황]"
2023-05-01,SG증권發 폭락사태 여진 지속...美 FOMC·경제지표 발표 앞둬 [주간 증시 전망]
2023-05-01,"日증시 나 홀로 개장, 나 홀로 상승 [Asia마감]"
2023-05-01,"[주간 증시 전망] SG발 폭락 사태 몸살 앓는 증시, FOMC 결정에 촉각"
2023-04-30,[이번주 증시] 美 FOMC 주목…주가 조정시 매수 추천
2023-04-30,"주가조작, 한중러 갈등에 흔들린 증시…금주 분수령[주간증시전망]"
2023-04-30,주가조작 사태에도 여기는 떴다…K방산 ↑[펀드와치]
2023-04-29,빅테크 호실적에 오일메이저도 동참…FRC 위기 묻혔다 [뉴욕마감]
2023-04-28,[유럽개장]장 초반 佛·英 하락세…0.27%·0.13%↓
2023-04-28,뉴욕발 훈풍에 일제히 상승… 日닛케이 1.4%↑[Asia마감]
2023-04-28,"코스피, 외인·개인 '사자'에…2500선 복귀[마감시황]"
2023-04-28,[마켓뷰] 코스피 사흘만에 2500선 회복…SG發 하한가 종목도 반등
2023-04-28,"코스피, 4거래일 만에 2500선 상회…'무더기하한가' 종목 반등[시황종합]"
2023-04-27,[유럽개장]장 초반 보합세…獨 0.09%↑
2023-04-27,낙관에 '베팅'한 증시…상승 반전 성공[Asia마감]
2023-04-27,"[마켓뷰] 코스피, 2490선 상승…이차전지株 강세에 6거래일만에 반등"
2023-04-27,2차전지 과열 논란에도 … 양극재株 '뜨거운 관심' [빅데이터로 본 재테크]
2023-04-27,"은행권 불안 계속…환율, 연이틀 연고점 경신[외환마감]"
2023-04-26,[유럽개장]장 초반 하락세…佛 1.07%↓
2023-04-26,"[마켓뷰] 외국인, 선물·현물 쏟아내...코스피 2480선 하락 마감"
2023-04-26,'美은행 위기' 우려에 코스피 약보합…환율 장중 1340원대 '터치'[시황종합]
2023-04-26,"코스피, 외인·기관 동반 매도에 닷새 연속 하락…2480선 후퇴 [마감시황]"
2023-04-26,[코스닥 마감]외국인 매도세에 5거래일 연속 하락…830선
2023-04-25,불확실성 여전한 中 경제…홍콩 1%대 하락[Asia마감]
2023-04-25,[유럽개장]영국·프랑스 등 일제히 하락세
2023-04-25,[마켓뷰] 수급 불안에 흔들린 증시...코스피 2500선 아래로
2023-04-25,"'빚투' 과열에 2차전지주 급락…코스피, 12거래일만 2500선 하회[시황종합]"
2023-04-25,"외환스와프+당국 개입…환율, 1330원 초반대로[외환마감]"
2023-04-24,美 '빅이벤트' 앞둔 증시…미중 반도체 신경전은 '불안' [Asia마감]
2023-04-24,[마켓뷰] 환율 연고점 경신에 코스피 1% 가까이 하락...SG 매물 폭탄에 무더기 하한가도
2023-04-24,"'SG증권發 매물폭탄' 코스피, 하락 마감…환율 '연고점' 경신[시황종합]"
2023-04-24,'SG發 매물 폭탄'에 2520선까지 밀려난 코스피[마감시황]
2023-04-24,"달러 강세에…환율, 상승해 1300원대 중반[외환마감]"
2023-04-23,美기술주 실적발표 최대관심... 1분기 성장률도 향방 가를듯 [주간 증시 전망]
2023-04-23,[주간증시전망] 기업실적·FOMC에 쏠린 눈.. 변동성 커질듯
2023-04-23,[이번주 증시] 美연준의 불확실한 통화정책…조정시 매수 대응
2023-04-23,"2차전지 ETF도 날아올랐다…""변동성 유의해야""[펀드와치]"
2023-04-23,“증시 빅이벤트”…빅테크·2차전지 실적 발표[주간증시전망]
2023-04-22,머스크 어제 16.7조 날렸다…캐시우드 테슬라 3500만弗 추가매입 [뉴욕마감]
2023-04-21,"침체·미중다툼…불안감 커진 증시, 中·홍콩 나란히 급락 [Asia마감]"
2023-04-21,[유럽개장]장 초반 혼조세…英0.13%↑·獨0.17%↓
2023-04-21,"[마켓뷰] 코스피, 0.73% 내린 2540선 마감…코스닥 2% 하락"
2023-04-21,"[시황종합]""힘빠진 2차전지""…코스피·코스닥 동반하락"
2023-04-21,"코스피, 2550선 아래로…코스닥 1.9%↓[마감시황]"
2023-04-20,재료 부족에 방향성 잃은 증시…日 0.18%↑[Asia마감]
2023-04-20,[시황종합]코스피·코스닥 동반하락…美긴축우려·테슬라 악재 영향
2023-04-20,"[마켓뷰] 코스닥, 2.5% ‘털썩’… 하루 만에 하락한 증시"
2023-04-20,"코스피, 기관 순매도에 2560선 후퇴[마감시황]"
2023-04-20,"유럽發 물가지표 호조…환율, 하락 전환해 1320원 초반[외환마감]"
2023-04-19,[유럽개장]장 초반 하락세…英 0.35%↓
2023-04-19,재료 부재 속 차익 실현…닛케이 9거래일 만에 하락 [Asia마감]
2023-04-19,"英 물가 서프라이즈 여파…환율, 상승해 1320원대로[외환마감]"
2023-04-19,"[마켓뷰] 코스피, 기관 매수에 상승 마감, 환율은 연고점 경신"
2023-04-19,"[마감시황]코스피, 기관 순매수에 소폭 상승…2570선 유지"
2023-04-18,中 기대 이상 성장률에도 증시 잠잠…상하이 0.2%↑[Asia마감]
2023-04-18,[유럽개장]일제히 강보합… 유로스톡스50 0.26%↑
2023-04-18,[마켓뷰] 증시 ‘숨 고르기’… 8거래일만에 하락한 2570선
2023-04-18,'2차전지'가 떠받친 코스피…미국發 악재에 현대차·기아 약세[시황종합]
2023-04-18,"[마감시황]코스피, 8거래일 만에 하락 전환…2570선"
2023-04-17,[유럽개장]장 초반 상승세…英 0.45%↑
2023-04-17,"오랜만에 '뒷심' 발휘한 증시…""금리인상 끝이 보인다""[Asia마감]"
2023-04-17,[코스닥 마감]개인 순매수세에 900선 지지…2차전지 소재株 강세
2023-04-17,[마켓뷰] 개인이 끌어올린 코스피·코스닥…JYP엔터·하이브 등 엔터株 강세
2023-04-17,"""2차전지 개미의 힘""…증시 소폭 상승마감 [시황종합]"
2023-04-16,[주간 증시 전망] 국내증시 상승 저항선 뚫을까 美실적발표·中경제지표 변수
2023-04-16,상승세 이어갈까...美 실적 시즌·中 GDP에 쏠리는 눈 [주간증시전망]
2023-04-16,[이번주 증시] 美경기지표 주목…단기 조정 가능성↑
2023-04-16,"[펀드와치]코스닥 레버리지 훨훨…""반도체 저점 기대"""
2023-04-16,경기둔화·반도체회복 줄다리기…美 경제지표 주목[주간증시전망]
2023-04-15,지방은행의 위기가 월가 황제를 더 웃게 만들었다 [뉴욕마감]
2023-04-14,[유럽개장]장 초반 상승세…英 0.25%↑
2023-04-14,"[마켓뷰] 이번주 코스피, 하루도 안빼놓고 다 올랐다… 코스닥은 900 탈환"
2023-04-14,"美긴축 종료·버핏 추가 투자 기대…日닛케이, 1.2%↑[Asia마감]"
2023-04-14,"코스피, 6거래일 연속 상승…코스닥 900선 회복[마감시황]"
2023-04-14,"美 물가지표 호조+위안화 강세…환율, 보름 만에 1300원 밑으로[외환마감]"
2023-04-13,[유럽개장]장 초반 혼조세…佛0.82%↑·英0.11%↓
2023-04-13,미국 물가·중국 수출 '지표'는 좋은데…아리송한 투심[Asia마감]
2023-04-13,[마켓뷰] 오뚝이처럼 반등한 코스피…종가 기준 10개월 만에 최고
2023-04-13,"통화스와프에 원화 반등…환율, 15.3원 급락한 1310.4원[외환마감]"
2023-04-13,"코스피, 경기침체 우려에도 '강보합' 2560선…환율 15.3원 '뚝'[시황종합]"
2023-04-12,워렌 버핏의 영향력…일본 증시 ↑ 홍콩 증시 ↓ [Asia마감]
2023-04-12,[유럽개장] 장 초반 상승세…英 0.45%
2023-04-12,"[마켓뷰] 코스피, 美 CPI 경계감에 2550 턱걸이… 코스닥은 에코프로 급락에 1%↓"
2023-04-12,"美 물가지표 경계…환율, 상승해 연고점 경신[외환마감]"
2023-04-12,"코스피, 美 CPI 경계감 속 2550선 강보합…車 사고 2차전지 팔고[시황종합]"
2023-04-11,'비둘기' 일본은행에 버핏 투자까지…日닛케이 1%↑ [Asia마감]
2023-04-11,[유럽개장]장 초반 상승세…英 0.37%↑
2023-04-11,"[마켓뷰] 증시, 외국인·기관 순매수...2540선 상승 마감"
2023-04-11,"[마감시황]코스피, 대형주 견인에 3일 연속 상승…1.4%↑"
2023-04-11,"금통위 '매' 발언에도…환율, 상승해 한달 만에 1320원대로[외환마감]"
2023-04-10,미국·유럽 '부활절 휴장' 속 이어진  눈치보기 장세[Asia마감]
2023-04-10,[마켓뷰] 2500선 회복한 코스피…2차전지·반도체株 매수세 몰렸다
2023-04-10,"美 고용지표 호조에…환율, 상승해 1310원 후반대[외환마감]"
2023-04-10,"코스피, 8개월 만에 2500선 마감…이차전지·반도체주 '쌍끌이[시황종합]"
2023-04-10,[코스닥 마감]2차전지株 쓸어담은 개인…880선 안착
2023-12-03,“CJ 붙으면 바닥 뚫고 지하실”도 옛말…저점대비 50%넘게 올랐다는데
2023-12-03,"홍콩H에 돈 날린 사람들 배상 길 열리나…금융당국, 기준 만든다는데"
2023-12-03,방과후 돌봄 모든 초1 확대…중대재해처벌법 50만 미만 유예 2년 더
2023-12-03,시스템부터 부품까지…자율주행 시장 뛰어드는 K-벤처
2023-12-03,내수 '빙하기' 우려에…신용카드·월세 공제 늘린다
2023-12-02,北 “군 정찰위성 제재 한국·미국·일본·호주에 맞대응”
2023-12-02,"[단독] 가족들도 무차별 영업, 대리가입 판쳤다…가입자 단체행동 예고"
2023-12-02,'한동훈·이정재' 사진 한장에 들썩...대상홀딩스우 결국 매매정지
2023-12-02,반도체 시장은 입춘?…감산 효과 덕에 삼성전자·SK하이닉스 실적 전망치 ‘쑥’
2023-12-02,"정부·업계 긴급 회의 ""불확실성 해소""…대응 전략 수립"
2023-12-01,"UBS, 존슨앤존슨 매수로 상향…사업 전망 개선"
2023-12-01,"씨티, 스포티파이 매수→중립 등급 하향"
2023-12-01,"웰스파고, 엘라스틱 '비중확대'로 상향…목표가 115달러"
2023-12-01,"“한국 주식 이젠 담을때 됐다”…반년 만에 돌아온 외국인, 이유 뭐길래"
2023-12-01,"공매도 법개정, 올해 넘기나…""우선순위 밀려 이달 중 불투명"" [금융당국 포커스]"
2023-11-30,엇갈리는 미 연준 피봇 시기 전망 “내년 2분기”vs“내년 3분기”
2023-11-30,국금센터 “내년 세계경제 둔화…美 피봇·연착륙 기대”
2023-11-30,주가 널뛰는 상장폐지 종목에 개미들 ‘북적’…돈 벌수 있다고?
2023-11-30,올해에만 250% 폭등했다고?…뛰는 비트코인 위에 나는 ‘이 종목’
2023-11-30," 샤오미, 스마트폰 암흑기에서 벗어나다[글로벌 핫스톡]"
2023-11-29,부동산PF 발목…중소형 증권사 신용등급 '빨간불'[마켓인]
2023-11-29,하이엔드 오피스텔 '더 파크사이드 스위트' 분양 해 넘긴다…내년 3월 예정
2023-11-29,건설사 ‘미청구 공사’에 대한 오해…‘미청구’란 표현에 속지 말아야 [투자뉴스 뒤풀이]
2023-11-29,"[단독]""공격형 나올 때까지 수정"" 투자자정보확인도 무용지물 됐다"
2023-11-29,박정림·정영채 ‘연임불가’…KB·NH證 불확실성 증대
2023-11-28,“내년 회사채 스프레드 축소…우량등급 선호 지속”
2023-11-28, 미국엔 투자 대기자금이 최대로 쌓였다고요?[이윤희의 매크로VIEW]
2023-11-28,킬러문항 없앴다더니 왜 불수능?…주가 30% 오른 ‘이 종목’ 방긋
2023-11-28,"“미국 증시, 내년 사상최고치 찍는다”…S&P500 얼마나 오르길래"
2023-11-28,두개의 전쟁에 美금리하락 제한적[투자의 창]
2023-11-27,“한국 겨우 이 정도?”…일본 증시 올해 29% 오르며 코스피 압도
2023-11-27,"""홍콩 망하지 않는 한 손실 없다""던 은행원... 가입자들은 망연자실"
2023-11-27,"에코프로머티, 주가 급등에 투자경고 종목 지정"
2023-11-27,[단독]회사 직원이 대신 가입…홍콩 ELS 본인 아닌 줄 알면서 가입시켰다
2023-11-27,연말 상승장 온다… ‘주도주 찾기’ 쏠리는 눈
2023-11-26,"2500선 회복 코스피, 기술적 저항구간 근접[주간증시전망]"
2023-11-26,주식도 자식 이기는 부모 없네…수익률 최고 28%라는 ‘이 상품’
2023-11-26,"노후 생활비는 얼마?…""369만 원 필요하지만 현실은 212만 원"""
2023-11-26,"권영수 LG엔솔 부회장, 보유 주식 전량 매각…1.3억원 손실"
2023-11-26,"[단독] 가입 취소 원하는 70대 ""괜찮다"" 돌려보낸 은행원, 숙려기간 무력화됐다"
2023-11-25,"기후 위기로 신음하는 지구촌, 이제 바로 행동해야[머니디렉터]"
2023-11-25,"""게거품 주식 많은데 왜 에코프로만 공격""…분노한 주주들 [박의명의 불개미 구조대]"
2023-11-25,공매도 금지된 지 언젠데…에코프로비엠 공매도 더 늘었다
2023-11-25,‘파두 사태’ 금감원·거래소 불똥…당국 책임론 부상
2023-11-25,"부동산PF 우려 하이투자증권, 신용등급도 '흐림'[위클리 크레딧]"
2023-11-24,"[단독]지수 ETF, 종가에 60% 폭등…주문실수 추정"
2023-11-24,"""1억 넘어도 잘 팔려"", 프리미엄 수입차로 승부수"
2023-11-24," ""2차 결선투표 가면 승산 있다"" 부산 득표 전략은?[2030 부산 엑스포]"
2023-11-24,청년대출 막히자 '노도강'부터 집값 뚝…강남도 7개월 만에 하락
2023-11-24,청년 청약통장 혜택 늘린다…당첨되면 연 2.2% 저리대출
2023-11-23,하이엔드 주거복합 '원에디션 강남' 대출 내달 만기…차환 예정
2023-11-23,"바이낸스, 창펑 자오 사임 후 하루 만에 9억6천만 달러 유출"
2023-11-23,'8조 몸값' HMM 누구 품에… 하림-동원 맞붙는다
2023-11-23,또 버스 놓쳤나…3만원까지 내렸던 카카오 주가 5만원 돌파
2023-11-23,"""정기예금하느니 ELS 하세요"" 직원 권유 독 됐다[뉴스추적]"
2023-11-22,“현금 없는 건 회사도 마찬가지네”…상장사 현금창출력 25% 뚝
2023-11-22,“테멘” 외치고 엔비디아는 팔아치우고…서학개미의 헛다리 베팅
2023-11-22,"현대건설, 이마트 가양점 '오피스텔' 대신 '지식산업센터' 개발한다"
2023-11-22,분양가상한제·GTX 뚫리니 371대 1…청약 양극화
2023-11-22,한 달 잠행 깬 김정은 머리 '희끗'…딸 김주애 없었던 이유는?
2023-11-21,미국 ‘쿠데타’에 삼전이 왜 들썩?…하루새 1000억 몰린 ‘이 상품’
2023-11-21,"에코형제 폼 살아있네…프로머티 이틀째 상한가, 고평가 논란 ‘쏙’"
2023-11-21,"또 관료 출신?… 한국거래소 이사장 후보, 하마평 무성"
2023-11-21,공매도 개혁법 내주 논의…배터리 아저씨 “제대로 개선해야”
2023-11-21,공매도 금지 후 2조7547억 산 외국인… 삼성전자 '쏠림'
2023-11-20,잘나가는 간판주가 수익률 하드캐리…한숨 돌린 그룹주 누구
2023-11-20,“공매도 금지하면 하락장 온다며ㅠㅠ”…곱버스 투자 개미들 ‘울상’
2023-11-20,시세 내려가도 높아지는 공시가격…내년 현실화율 손 본다
2023-11-20,"'최장수 CEO' 최희문, 메리츠證 떠나 지주로…새 대표에 장원재(종합)"
2023-11-20,"여의도는 지금 마이너스 성장중… 증권사, 줄줄이 내리막길"
2023-12-17,정영채 NH투자증권 '옵티머스 중징계' 취소소송
2023-12-17,“먹고 털어? 묻고 따블로 가?”…미국채권 가격 치솟자 개미들 ‘골머리’
2023-12-17," 소주 줄줄이 인상…정부, 세금 줄여 출고가 10% 낮춘다[뉴스추적]"
2023-12-17,‘대주주’ 기준 50억 될까?… 양도세 완화 방안 임박
2023-12-17,"금감원, 9개 증권사 채권돌려막기 적발...“수사의뢰”"
2023-12-16,"""35살도 희망퇴직"" 올해도 '칼바람'…내년엔 나아질까"
2023-12-16,대형 트리만 즐긴다…고물가에 닫힌 지갑
2023-12-16,에코프로머티 직원들 주식 5억 '잭팟'…회사 그만둘까? [박의명의 불개미 구조대]
2023-12-16,한파주의보 속 11시간 정전…의정부 아파트 500가구 불편
2023-12-16,눈길에 차량 8대 연쇄 추돌…평택제천 금광터널 부근
2023-12-15,"인도 아다니항, MSC에 엔노어 터미널 지분 3천만 달러에 매각"
2023-12-15,"씨티그룹 멕시코 소매부문, 2024년 모회사에서 분리"
2023-12-15,"조현범측 지분 50% 육박…""공개매수 성공 확률 낮아"""
2023-12-15,"""사모펀드 시장 성장…구조적 변화 필요"""
2023-12-15,"“땡큐, 행동주의 펀드”…두달새 주가 20% 뛴 이 종목"
2023-12-14,조현범 회장의 ‘아빠찬스’…조양래 명예회장 지분 2.72% 장내 매수
2023-12-14,"‘이것’만 뜨면 테마주 수명 끝?…이번엔 ‘순매수 1위’ 질주, 무슨 일"
2023-12-14,"삼성도 뛰어든 ‘무한확장 메모리’ 덕에…하이닉스, 시총 100조 찍었다"
2023-12-14," 폭스콘산업인터넷, AI 서버 시장 고성장의 최대 수혜주[글로벌 핫스톡]"
2023-12-14,"승기 잡은 조현범 ""경영현안 집중"" … MBK 마지막 카드에 촉각"
2023-12-13,대어들 상장 잔혹사 내년엔 끝날까…“이 기업 성공에 달렸다”는데
2023-12-13,秋경호 한마디에 秋풍낙엽 된 이 종목…대체 무슨 말 했길래
2023-12-13,고물가에 의류 신발 안 산다…이자비용은 20% 껑충
2023-12-13,"[단독] ""500만 원 예치하면 삼성전자 주식 3주""…증권사 사칭 신종 피싱"
2023-12-13,"핫했던 지식산업센터, 고금리·공급과잉에 내년도 '찬바람'"
2023-12-12, 올해 마지막 FOMC 관전 포인트는요[이윤희의 매크로VIEW]
2023-12-12,"조양래, ‘형제의 난’ 직접 등판 “개인 돈 써서라도 경영권 지킬 것”"
2023-12-12,"`고공행진` 비트코인, 6% 급락"
2023-12-12,업무 시간 끝났다고 당일 취소 '불가'…여행사 항공권 불공정약관 시정
2023-12-12,"여의도 황금손 된 이정재, 고공행진 주가 뒤에선 무슨 일"
2023-12-11,‘21일만에 코스피200’ 진격의 이 종목…특례편입 저주 피해갈까
2023-12-11,"은행권, 자영업자 이자 150만 원 환급…""턱없이 모자라"""
2023-12-11,"하반기 CP 정평 시즌…PF 업종 ""나 떨고 있니""[마켓인]"
2023-12-11,실거주 의무만 통과 못 했다…입주 다가오는데 4만 가구 '혼란'
2023-12-11,1년 전보다 7만 쌍 줄어든 신혼부부…1백만 쌍 붕괴 위기
2023-12-10,농업기술 수입국에서 수출국으로…K-스마트팜의 저력[미래 농업을 열다②]
2023-12-10,"서울 전셋값 오른다…평당 2,300만 원 재돌파"
2023-12-10,고물가에도 연말 호텔은 '성수기'…양극화 소비 뚜렷
2023-12-10,"동원그룹, HMM 매각 막판에 법적 대응 예고…“입찰 공정성 떨어져”"
2023-12-10,"삼성물산 지배구조 개선 촉구하자 주가 오르네… 행동주의펀드, 주총 앞두고 움직임 확대"
2023-12-09,"“해외여행객 늘고 유가 떨어지고”…모처럼 웃는 항공주, 전망도 좋다"
2023-12-09,"동남아 홀린 K-딸기, '스마트' 컨테이너로 수출 날개"
2023-12-09,최고라고 자랑하더니…구글 AI '제미나이' 성능 논란
2023-12-09,[단독] 오스템임플란트 미 현지법인 수백만달러 공사비 손실…또 직원 개입?
2023-12-09,"ELS 손실 커지나...""홍콩 H지수, 내년 5000~7000p 전망"""
2023-12-08,예상 못 미친 고용냉각…1분기 금리인하 기대 '뚝'
2023-12-08,"아르셀로미탈, 카자흐스탄 정부에 테미르타우 자산 2억8600만 달러에 매각"
2023-12-08,"스텔란티스, 미국 지프 공장 인력 감축"
2023-12-08,"에어버스, 캐세이퍼시픽으로부터 항공기 6대 수주...총 27억 달러 규모"
2023-12-08,"英 규제당국, MS-오픈AI 간 파트너십 조사 착수"
2023-12-07,"삼성전자, 내년엔 믿어도 되나요?…영업익 370% 늘어난다는데"
2023-12-07,"'브룩필드의 청라, KKR의 인천 쿠팡'…올해 물류센터 빅딜은"
2023-12-07,자산 줄고 부채 늘고…가구당 빚 9천만 원 안고 산다
2023-12-07,첩약 쌓아 놓고 환자 올 때마다 하나씩…허위 진료비 한방병원 적발
2023-12-07,차값 낮추는 美 전기차…주가는 '훈풍'
2023-12-06,블랙핑크 재계약에 웃었다…YG 주가 25% 뛰어
2023-12-06,"붕어빵의 계절 돌아왔는데…배당주, 배당컷 안 당하면 다행이라고?"
2023-12-06,"'4억에서 57억원으로'…'최대주주' 주지훈, 소속사 합병에 수십억 '잭팟'"
2023-12-06,"""변한 게 없어요"" 1년째 거리에 선 전세사기 피해자들, 왜"
2023-12-06,"요소수 가격 뛰고 배송 늦어지고…정부 ""공급 차질 없다"""
2023-12-05,‘100억원대 비자금 의혹’ 한글과컴퓨터 김상철 회장 아들 구속
2023-12-05,재택근무율 세계 최저…한국 오피스 임대료 오를 수밖에 없는 이유
2023-12-05,개미는 위험한 게 좋다?…공매도 활개 막았더니 여기에 ‘몰빵’했네
2023-12-05,"‘라임사태 중징계’ 박정림 KB증권 대표, 거래소 사외이사도 사임"
2023-12-05,"와인, 해외 직구 싸다고 샀더니…""국내 마트가 오히려 저렴"""
2023-12-04,"""4% 중후반대 리파이낸싱 성공"" ESR켄달스퀘어리츠, 물류센터 사업 '순항'"
2023-12-04,산타보다 파월이 낫네…미친듯이 오른 금값 더 간다고?
2023-12-04,"""공매도 금지로 떠나는 외국인은 일부""… 제도개선 '디테일' 주문"
2023-12-04,"""공매도 개선 개인투자자 악영향""...""참여 기회 적정하게 보장돼야"""
2023-12-04,"""불확실성 해소와 신뢰 회복 위한 것""… 공매도 개선 취지 또 설명"
2023-03-12,美빅스텝 예고로 변동성 확대.. 14일 소비자물가 향방이 관건[주간 증시 전망]
2023-03-12,[주간증시전망]SVB 폐쇄 충격파…'빅스텝' 예측불허
2023-03-12,[이번주 증시] 美 연준의 강화된 매파 성향…예상보단 후 대응
2023-03-12,"[펀드와치]2차전지株 타고 코스닥 '펄펄'…""쏠림 갈아탈 때"""
2023-03-11,SVB 사태가 25bp 부른다…긴장한 미국 [뉴욕마감]
2023-03-10,[유럽증시]장 초반 일제히 하락세…영국 1.36% ↓
2023-03-10,[마켓뷰] 인플레 장기화 공포감...코스피 한달반만에 2400선 내줘
2023-03-10,"환율, 소폭 올라 1320중반선…장중 연고점 경신[외환마감]"
2023-03-10,"[시황종합]""다시 5만전자""…美 악재에 코스피, 두달만에 2400선 하락 마감"
2023-03-10,"[마감시황]코스피, 긴축 우려에 2400선 붕괴…코스닥 2.6%↓"
2023-03-09,[유럽개장]하락세로 출발…英 0.73%↓
2023-03-09,"""엇, PPI가 왜 이래"" 中증시 4일째 하락…日은 나홀로 강세 [Asia마감]"
2023-03-09,"[마켓뷰] 코스피, 2410선 후퇴… 옵션만기일·2차전지 약세 영향"
2023-03-09,외인發 '2차전지株' 매도 폭탄에 증시 하락…환율 1320원대[시황종합]
2023-03-09,"美 고용지표 경계 속…환율, 1320원 초반선 유지[외환마감]"
2023-03-08,미국 '빅스텝' 공포 영향은 제각각…日증시는 되레 올랐네 [Asia마감]
2023-03-08,[유럽개장]장 초반 하락세…英 0.23%↓
2023-03-08,[마켓뷰] 美 빅스텝 우려에 코스피 6일만에 백스텝...환율은 22원 급등
2023-03-08,'파월 쇼크'에 코스피 휘청…겁없는 개미들 9400억원 순매수[시황종합]
2023-03-08,"[마감시황]코스피, 빅스텝 우려에 엿새 만 하락…1.3%↓"
2023-03-07,[유럽증시]장 초반 하락세…佛 0.22%↓
2023-03-07,[Asia마감]불안한 중국 리오프닝…상하이 1.11%↓
2023-03-07,"[마켓뷰] 3400억 넘게 사들인 외국인...코스피, 2460선 강보합 마감"
2023-03-07,[코스닥 마감] 美 파월 연설 앞두고 관망세…810선 약보합세
2023-03-07,"""2차전지의 힘""…코스피, 외인 매수세에 2463선 강보합 마감[시황종합]"
2023-03-06,[유럽개장]장 초반 상승세…佛 0.51%↑
2023-03-06,"""목표성장률 5%=약한 부양책 신호"" 상하이 0.19%↓ [Asia마감]"
2023-03-06,"[마감시황]코스피, 외국인 매수에 1.3%↑…""달러 약세 영향"""
2023-03-06,"[마켓뷰] 4거래일 연속 상승 코스피, 2460선 마감…에코프로비엠 시총 20조원 돌파"
2023-03-06,"'커지는 위험 선호 심리' 코스피, 1.26% 상승한 2462선 마감 [시황종합]"
2023-03-05,美금리인상 민감도 점점 약화... 강달러속 외국인 귀환이 변수 [주간 증시 전망]
2023-03-05,[이번주 증시] 美 연준 긴축 우려 VS 中리오프닝 효과 기대
2023-03-05,[주간증시전망]中리오프닝 기대와 美긴축 우려 혼재…“조정시 매수”
2023-03-05,[펀드와치]'반값 테슬라' 없이도 2차전지 ETF 웃었다
2023-03-04,경기후퇴까지 시간 많다…다우존스 386p 더블악셀 [뉴욕마감]
2023-03-03,[Asia마감]美 증시 훈풍·中 경기회복에 일제히 오름세
2023-03-03,환율 급락해 1300원 초반…한풀 꺾인 강달러 흐름[외환마감]
2023-03-03,"[마켓뷰] 코스닥지수, 반년만에 800선 뚫었다…外人 2200억 순매수"
2023-03-03,"[마감시황]코스닥, 반년 만에 800선 회복"
2023-03-03,[시황종합]코스닥 반년만에 800선 탈환…코스피 강보합
2023-03-02,[유럽개장]장 초반 하락세…獨 0.83%↓
2023-03-02,美 긴축 우려에 긴장한 시장…닛케이 0.06%↓[Asia마감]
2023-03-02,"[마감시황]코스피, 中 경기회복 기대에 2420선 회복"
2023-03-02,"'급등에 제동' 환율, 7원 내려 1315원…2거래일째 하락[외환마감]"
2023-03-02,"[시황종합]""中에 웃고 美에 울고"" 코스피, 상승폭 일부 반납한 2427선"
2023-03-01,중국 제조업 회복력 '기대이상'…홍콩증시 4%대 '급등'[Asia마감]
2023-03-01,1월 단꿈 2월 개꿈…3월 시계제로 [뉴욕마감]
2023-02-28,[유럽개장]장 초반 일제히 하락세… 프랑스 0.44%↓
2023-02-28,"日 강보합…홍콩, 마스크 풀고도 하락 전환[Asia마감]"
2023-02-28,[마켓뷰] 외국인 또 팔았지만 코스피 상승 마감… ‘테슬라 효과’에 2차전지株 강세
2023-02-28,"[마감시황]코스피, 기관 매수에 상승…2410선 마감"
2023-02-28,"환율, 소폭 내려 하락 전환…장중 연고점 경신하기도[외환마감]"
2023-02-27,고금리 경계심에 일제히 하락…日닛케이 0.11%↓ [Asia마감]
2023-02-27,"[마켓뷰] 환율 1320원 돌파에 하락 마감 코스피, 막판 2400선은 회복"
2023-02-27,[시황종합] 외인+기관 쌍끌이 매도에 코스피 2400 턱걸이…환율 1323원
2023-02-27,"환율, 급등해 1320원대 안착…3개월래 최고 수준[외환마감]"
2023-02-27,"[코스닥 마감]배터리·로봇 테마 강세, 780선 회복하며 강보합"
2023-01-01,침체 우려 속 ‘1월 효과’ 기대... 美 금리 방향성 가장 큰 변수 [주간 증시 전망]
2023-01-01,"[펀드와치]급락장에 웃은 코스닥 인버스…""1월 효과 주목"""
2023-01-01,[주간증시전망]1월효과에 쏠리는 눈…종목장세 전망
2023-01-01,"'최악 2022' 넘긴 美증시, 새해 상반기 더 나쁠 수 있지만…[월가시각]"
2023-02-26,연준 긴축 움직임 여전히 부담.. 中양회서 부양책 나오면 '숨통' [주간 증시 전망]
2023-02-26,[이번주 증시] 中양회·美 IRA 세부안 공개…단기조정 전망
2023-02-26,[펀드와치]中경기부활 기대감에 철강주 펀드 웃었다
2023-02-26,[주간증시전망]달러 강세 속 中양회 주목…조정시 매수구간
2023-02-25,인플레 채찍에 맞은 지수…나스닥 이번주 3.3%↓[뉴욕마감]
2023-02-24,[유럽개장]장 초반 상승세…英 FTSE 0.35%↑
2023-02-24,통화부양책 안도감…日 나홀로 1.3%↑[Asia마감]
2023-02-24,"[마켓뷰] 상승 출발했던 코스피, 美PCE 우려에 하락 마감…환율은 다시 1300원대"
2023-02-24,"美 소비지표 경계감 속…환율, 다시 1300원대로[외환마감]"
2023-02-24,[마감시황]美물가지표 앞두고 코스피 0.6% 하락…2420선
2023-02-23,[유럽개장]혼조세 출발…英0.24%↓·獨 0.53%↑
2023-02-23,[Asia마감]中·홍콩 약보합…日은 휴장
2023-02-23,[마켓뷰] “기준금리 동결” 코스피·코스닥 동반 상승 마감… 환율도 다시 1200원대
2023-02-23,"환율, 1300원 아래로 떨어져…3거래일 만에 하락 전환[외환마감]"
2023-02-23,"[마감시황]코스피, 외인·기관 동반 매수에 상승…2430선 마감"
2023-02-22,美금리인상 공포 부활…日 1.3%↓[Asia마감]
2023-02-22,"[마켓뷰] 코스피·코스닥 1% 넘게 하락, 환율은 두달만에 1300원 돌파"
2023-02-22,"[시황종합]""긴축 우려"" 코스피 1.68% 하락 2417선…환율 1300원 돌파"
2023-02-22,[코스닥 마감]다시 원·달러 1300원…770선 털썩
2023-02-22,"[마감시황]코스피, 美 증시 쇼크에 1.7% 하락…2410선 후퇴"
2023-02-21,[Asia마감]美 휴장 속 짙어진 관망세
2023-02-21,"[마켓뷰] 코스피, 상승 마감… 중국 양회 기대감에 화학·철강株 강세"
2023-02-21,"환율, 제한적 상승폭…FOMC 의사록·PCE 발표 대기[외환마감]"
2023-02-21,"[마감시황]코스피, 2450선 유지…투자 심리 위축 지속"
2023-02-21,"[시황종합] 코스피, 긴축 우려에 2458선…코스닥 793선 '5개월새 최고'"
2023-02-20,[유럽개장] 일제히 상승세…프랑스 CAC 0.11%↑
2023-02-20,커지는 中 경제회복 기대감…상하이지수 2% 급등 [Asia마감]
2023-02-20,"[마감시황]코스피, 빅스텝 가능성에 관망세…0.16%↑"
2023-02-20,"[마켓뷰] 코스피, 관망 심리 커지며 강보합 마감… 코스닥 1.7%↑"
2023-02-20,"[시황종합] 코스피, 개인·기관 매수에 2455선 강보합 마감"
2023-02-19,강달러에 지수 조정 가능성... 23일 기준금리 향방도 변수 [주간 증시 전망]
2023-02-19,[이번주 증시] 달러 강세로 증시 부담↑…단기조정 예상
2023-02-19,[주간증시전망]연준 다시 빅스텝 밟나…투심 악화 우려
2023-02-19,[펀드와치]코스피 떨어질때 코스닥 올랐다…2차전지도 훨훨
2023-02-18,지금은 경기침체전 과열이라는 JP모간 [뉴욕마감]
2023-02-17,[Asia마감] 연준 '빅스텝' 공포에 일제히 하락
2023-02-17,"[마켓뷰] 코스피 1% 하락, 환율은 1300원 턱밑"
2023-02-17,"[마감시황]코스피, 기관 매도에 1% 하락…2450선 마감"
2023-02-17,"두 달여 만에 1300원 터치…환율, 14원 올라 1299원[외환마감]"
2023-02-17,"[시황종합] 코스피, 0.98% 하락 2451선…美 긴축우려·차익실현 매물 영향"
2023-02-16,[유럽개장] 일제히 상승세…獨 0.60%↑
2023-02-16,[Asia마감]美 따라 뛴 증시…中 홀로 하락
2023-02-16,하이브 깜짝 공개매수 나서자 … 에스엠 주가 연일 신고가 [빅데이터로 본 재테크]
2023-02-16,[코스닥 마감]외국인·기관 매수세에 2%대 점프…780선 안착
2023-02-16,"[시황종합] 코스피, 기관·외인 순매수에 2% 가까이 상승 2475선 마감"
2023-02-15,[유럽개장]장 초반 혼조세…獨 DAX 0.10%↑
2023-02-15,美 긴축 우려에 약세…버핏이 판 TSMC 3.7%↓ [Asia마감]
2023-02-15,"[마감시황]코스피, 2420선까지 후퇴…위험 선호 위축"
2023-02-15,"[시황종합] 코스피, 예상 웃돈 美 CPI에 우려 확대…1.53% 하락 2427선"
2023-02-15,"예상 웃돈 美 물가 지표…환율, 1280원 넘어 연고점 경신[외환마감]"
2023-02-14,美디스인플레이션 기대감…닛케이 0.64%↑[Asia마감]
2023-02-14,"[마켓뷰] 美물가 둔화 기대감에 코스피, 2460선 상승 마감…성장성 부각에 모처럼 웃은 LG전자"
2023-02-14,"환율, 7거래일 연속 고공행진 끝…다시 1260원대로[외환마감]"
2023-02-14,[코스닥 마감] 美 CPI 관망 속 기관·외국인 ‘사자’…780선 목전
2023-02-14,"[마감시황]코스피, 美 CPI 발표 앞두고 상승…2460선 마감"
2023-02-13,[유럽개장]일제히 상승세…프랑스 CAC 0.4%↑
2023-02-13,美 긴축 경계심 속 약세…中 나홀로 상승[Asia마감]
2023-02-13,"[마켓뷰] 美CPI 발표 앞두고 코스피, 기관 ‘매도’에 하락 마감…원·달러 환율 상승"
2023-02-13,[코스닥 마감]'매수세' 돌아선 외국인…770선 회복
2023-02-13,"환율, 올해 최고치 경신…12원 급등한 1277원[외환마감]"
2023-10-22,SK텔레콤마저 안통하네…요즘 회사채 시장은 “윈터 이즈 커밍”
2023-10-22,"[단독] “한번은 사고라 해도 두번은 포장 못해”…당국, 키움증권 책임 묻는다"
2023-10-22,소 럼피스킨병 서산·평택 등 5건 추가…사흘새 10건으로 늘어 '비상'
2023-10-22,"""저녁에 게 먹을까""…높아진 수온에 가을 꽃게 '풍년'"
2023-10-22,"영풍제지 시세 조종에 ""11개월간 100여 개 계좌 동원"""
2023-10-21,‘악재 또 악재’ 돈 묶인 개미들 ‘비명’…카카오그룹 주가 곤두박질
2023-10-21,소 럼피스킨병 이틀 새 3건 확진…전국 축산농가 비상
2023-10-21,유통가 '조용한 핼러윈'…이태원참사 1주년 앞두고 행사 자제
2023-10-21,고금리 장기화에 긴장감 도는 회사채 시장
2023-10-21,배터리 아저씨 ‘공매도 특권 깨기’ 성공할까[최훈길의뒷담화]
2023-10-20,"세종, 강스템바이오텍 유증 신주인수권 등 11.73% 장내매수"
2023-10-20,"뉴욕증시, 10년물 금리 5% 돌파에 하락 출발"
2023-10-20,'내달 코스닥 입성' 큐로셀 “글로벌 함암면역세포치료제 상업화 도전”
2023-10-20,"씨티, 마텔 '매수' 커버리지 개시…목표가 20.73달러"
2023-10-20,"키움증권, 영풍제지 사태로 미수금 4943억원 발생…""회수 노력"""
2023-10-19,"카카오, SM시세조종 의혹 대표 구속…“개미들 비수 꽂혀”"
2023-10-19,"뉴욕증시, 파월 발언 기다리며 혼조세로 출발"
2023-10-19,"금감원, 'SM 시세조종 의혹' 카카오 김범수 소환 통보"
2023-10-19,의대정원 확대에 “살맛 나네”…오를 일만 남았다는 ‘이 종목’
2023-10-19,"금감원, 카카오 김범수 '출석' 통보… 에스엠 시세조종 정조준"
2023-10-18,"뉴욕증시, 중동 긴장·실적 주시하며 하락 출발"
2023-10-18,비만 오면 주가 ‘주룩주룩’ 이 종목…장마 끝났으니 살아날까
2023-10-18,영풍제지·대양금속 19일부터 거래정지
2023-10-18,"테슬라, 19일 새벽 실적 발표…주가 움직일 3가지 이슈[오미주]"
2023-10-18,"영풍제지 수상한 하한가 …""통정매매 조사"""
2023-10-17,"뉴욕증시, 강한 소비에 하락 출발"
2023-10-17," 이화그룹 논란에 입 연 최희문 메리츠증권 부회장 ""거래 정지 몰랐다""[2023 국감]"
2023-10-17,‘게임스탑 전쟁’서 교훈얻은 미국…“공매도 세력 신상·규모 공개”
2023-10-17,"이복현 ""미래에셋證 PB 횡령, 고의 늦장 보고면 묵과 못 해"""
2023-10-17,이러니 BJ 하려고 난리지…‘별풍선’ 덕에 한달에만 34억 터졌다
2023-10-16,셀트리온 형제 합병 어쩌나…힘 못쓰는 주가에 ‘눈치게임’만
2023-10-16,올해 공매도 사상 최대치…‘에코프로 형제’에 쏠려
2023-10-16,"테슬라 260불 넘자 1억불 순매도…""불안한데 이쯤에서 팔자""[서학픽]"
2023-10-16,안정적인데 수익까지?… 역대급 고금리에 채권 투자 급증
2023-10-16,맥주 7% 올리니 도매가는 20%…식당 가격은 얼마나?
2023-10-15,110조 뚫은 ETF…폭풍성장 이어갈까 [선데이 머니카페]
2023-10-15,“4분기에 진짜 큰 거 온다”…장 떠났던 개미들 기대감 스멀스멀
2023-10-15,한국서 불법 공매도 딱 걸린 글로벌 IB…‘사상최대’ 과징금 예고
2023-10-15,'3기신도시 최대' 남양주왕숙 5년 만에 '첫 삽'…공급부족 우려 털어내나
2023-10-15,'소문이 사실로' 개미투자자 호소하던 불법 공매도 첫 적발
2023-10-14,"""놀랍고, 대단해요""…아이디어로 애너하임서 날개 단 한상"
2023-10-14,대기업 '만' 갈래요…청년 취업자 11개월째 감소
2023-10-14,각종 악재에도 애플과 엔비디아 잘 버텼다
2023-10-14,실적 시즌 개막…“호실적·외국인 수급 주목해야” [다음주 증시 전망]
2023-10-14,진격의 日 반도체..잃어버린 37년 되찾나
2023-10-13,"“이만큼 부진할 줄 몰랐다”…영업익 70% 확 쪼그라든 이 종목, 무슨 일"
2023-10-13,"뉴욕증시, 강한 은행 실적·금리 후퇴에도 혼조세로 출발"
2023-10-13,"JP모간, 포스트홀딩스 비중확대…목표가 100달러"
2023-10-13,"英 정부, MS 블리자드 인수 승인…인수액 690억달러"
2023-10-13,[단독] “전기요금 올려도 적자 수렁”…영업흑자 나도 답없다는 한전 왜
2023-10-12,"뉴욕증시, 9월 물가 지표에 혼조세로 출발"
2023-10-12,"매각과 상장 기로…‘진퇴양난’ 11번가, 큐텐에 팔리나"
2023-10-12,윤곽 드러나는 ‘이커머스 상장 1호’…SSG닷컴 IPO 재도전 성공할까
2023-10-12,40년 금리 패러다임 끝났다…주식 줄이고 채권 늘릴 때[오미주]
2023-10-12,고분양가·고금리에 대거 미계약…청약불패 꺾이나
2023-10-11,"뉴욕증시, 국채 금리 하락에 상승 출발"
2023-10-11,“공항에 사람이 이렇게 많은데 주가는 왜?”…속만 타는 이 종목
2023-10-11,“7만 전자는 시간문제”…어디까지 오를까 전문가에 물어보니
2023-10-11,"""美국채 대신 성장주""… `나스닥100` 레버리지 ETF에 꽂힌 서학개미"
2023-10-11,비둘기로 변한 연준?…국채 금리 안정에도 남은 리스크[오미주]
2023-10-10,"뉴욕증시, 국채금리 하락 속 상승 출발"
2023-10-10,"UBS, 리비안 '매수'로 상향…목표가 24달러"
2023-10-10,4800억원 마련한 대신증권…‘10호 종투사’ 성큼
2023-10-10,"""다음, 대깨문은 삭제하고 닭근혜와 ?은 방치"""
2023-10-10,"사옥 팔고, 계열사 배당 받고…대신증권 `종투사` 총력전"
2023-10-09,두산에너빌리티 분식회계 논란 … 금감원과 '공방전'
2023-10-09,"GSK, 중국 지페이와 약 30억 달러에 대상포진 백신 계약 체결"
2023-10-09,"금융당국, 두산에너빌리티 '회계기준 위반' 의혹 징계 심의"
2023-10-09,'중동 데탕트' 꼬이는 美 바이든…국제유가는 3%대 급등
2023-10-09,‘수수료 0.06%P 차이’가 41조원 차이로…운용사 “목숨걸고 낮춰라”
2023-08-27,라임펀드 환매 특혜 공방 격화…금감원 “수익자 특정 검사 아냐” 반박
2023-08-27,"금감원 ""수익자 특정해 검사한 것 아냐…檢 수사 통해 밝혀질 것"""
2023-08-27,"라임 펀드 공방 심화…금감원 “특혜성 환매, 수사 통해 밝혀질 것”"
2023-08-27,"금감원 ""라임 특혜성 환매 여부, 검찰 수사에서 밝혀질 것"""
2023-08-27,라임 펀드 공방…금감원 “29명 특혜” Vs 김상희 “조작”(종합)
2023-08-26,로봇 순찰대 도입은 언제쯤?…11월 지능형 로봇법 시행
2023-08-26,"""오염수 불안해요""…유통·식자재 '안전강화' 진땀"
2023-08-26,"후쿠시마산 물고기 ""삼중수소 검출 안 돼""…한국 수산시장 긴장 속 첫 주말"
2023-08-26,미래에셋 “인도중소형포커스펀드로 성장 잠재력에 투자…수익률 226%”
2023-08-26,"공무원연금, 7000만달러 부동산 대출 펀드 운용사에 블랙스톤·스타우드캐피탈[fn마켓워치]"
2023-08-25,파월 “인플레 여전히 높아…2% 하락 시까지 긴축 지속”
2023-08-25,"블랙스톤, 벨라지오 지분 22% 매각"
2023-08-25,"루프캐피탈, 넷플릭스 ‘매수’로 상향...주가 23% 상승 여력"
2023-08-25,‘라임 특혜환매’ 누구 말이 맞나…“정치 공작” vs “미리 환매는 혜택”
2023-08-25,김상희 “정치공작” vs 금감원 “펀드 돌려막기 특혜”(종합)
2023-08-24,“판돈? 13조원까지 가능” HMM 인수전 ‘쩐의 전쟁’ 만들 메기 등장
2023-08-24,'정치권 비리' 파헤치는 이복현…횡령 자금 경로 등 후폭풍 불가피
2023-08-24,"중국펀드서 돈 뺀 중학개미들, 이 나라에는 3300억 부었다"
2023-08-24,"""라덕연이 지시""…법정 선 라씨 조직원, 주가조작 인정 [종합]"
2023-08-24,"엔비디아가 살린 증시, 파월의 잭슨홀 연설에 달렸다[오미주]"
2023-08-23,[유럽개장] 장 초반 강세…英 FTSE 0.37%↑
2023-08-23,[Asia마감]'경제 불안' 中 홀로 하락
2023-08-23,"코스피, 외인·기관 동반 매도에 2505선 마감[마감시황]"
2023-08-23,"잭슨홀 경계감에 상하방 막혀…환율, 1340원선 아래서 멈춰[외환마감]"
2023-08-23,외인·기관 동반 매도에 코스닥 1%대 하락…코스피 2505선 마감[시황종합]
2023-08-22,[유럽개장]장 초반 강세…英 FTSE 0.36%↑
2023-08-22,바닥 찍었나…반발 매수세에 일제히 상승[Asia마감]
2023-08-22,"[마켓뷰] 코스피지수, 0.2%대 상승…日 오염수 방류 확정에 소금 테마주 급등"
2023-08-22,"코스피, 개인 매수에 이틀 연속 반등…2510선 회복[마감시황]"
2023-08-22,"잭슨홀 앞두고 쏠림 경계…환율, 연고점 경신 하루 만에 하락 전환[외환마감]"
2023-08-21,[유럽증시]일제히 강보합세…프랑스 CAC 1%대 상승
2023-08-21,中 금리 인하 폭 실망감…홍콩 7거래일 연속 하락[Asia마감]
2023-08-21,[코스닥 마감]외국인·기관 쌍끌이 매수에 880선 안착…2차전지 강세
2023-08-21,위안화 약세 심화에 환율 1342.6원…9개월 만에 ‘최고치’[외환마감]
2023-08-21,"코스피, 중국 불안감 여전…0.17% 상승[마감시황]"
2023-08-20,中 위기에 박스피 이어갈듯… 美 금리방향은 여전히 변수 [주간 증시 전망]
2023-08-20,"美 금리·中 부동산 '타격' 글로벌 펀드, 회복 키워드는[펀드와치]"
2023-08-20,[이번주 증시] 中리스크 지속…잭슨홀 회의 주목
2023-08-20,美 금리인상 우려·中 경기 부진 '겹악재'…변동성 계속[주간증시전망]
2023-08-19,나스닥 4일 연속 하락…휴가시즌 낙관론에 대한 의문 [뉴욕마감]
2023-08-18,[유럽개장] 장초반 약보합…英 FTSE 0.76%↓
2023-08-18,美 긴축 우려+中경제 불안감…이중 악재에 또 하락[Asia마감]
2023-08-18,中 쇼크에 美 긴축까지…코스피 2500선 턱걸이[마감시황]
2023-08-18,"강달러 진정·위안화 강세 전환…환율, 1338.3원으로 하락[외환마감]"
2023-08-18,코스피 0.61% 하락…美 국채금리 상승에 中 리스크 겹쳐[시황종합]
2023-08-17,[유럽개장]中 침체 우려에 장 초반 약세…英 0.32% ↓
2023-08-17,"충분히 내렸다? '경제 불안' 中, 5거래일 만에 반등 [Asia마감]"
2023-08-17,"코스피, 5거래일 연속 하락…2500선은 지켜[마감시황]"
2023-08-17,"“당국 미세조정에 좁은 범위”…환율, 연고점 터치 후 1342원 안착[외환마감]"
2023-08-17,"장중 2500선도 내줬던 코스피, 되살아난 금리 우려에 약세 마감[시황종합]"
2023-08-16,침체 빠진 中+불안한 美은행…일제히 하락 [Asia마감]
2023-08-16,[유럽개장]장 초반 프랑스·독일 상승…영국은 약세
2023-08-16,"[마켓뷰] 코스피지수, 中 리스크 부각에 1.76% 하락...코스닥도 이차전지·제약 약세"
2023-08-16,"中 우려에 외인 선물 폭탄…코스피, 1.76% 하락[마감시황]"
2023-08-16,장중 환율 1340원대 찍었으나 외환당국 개입 추정에 상승폭 줄여[외환마감]
2023-08-15,中경제지표 부진… 인민은행 깜짝 금리인하에도 中하락[Asia마감]
2023-08-15,中 7월 경제지표도 부진…항셍 1% 추락[Asia오전]
2023-08-15,기술주 반등 엔비디아 +7%…테슬라Y 가격인하에 -1.19% [뉴욕마감]
2023-08-14,[유럽개장]장 초반 상승세…獨 DAX 0.47%↑
2023-08-14,비구이위안 폭락…中부동산 우려 확산에 일제히 하락 [Asia마감]
2023-08-14,[마켓뷰] 외인·기관 ‘팔자’에 코스피 1% 가까이 하락… 환율 3개월만에 최고치
2023-08-14,강달러에 中 부동산 디폴트 위기…환율 1330.9원 안착[외환마감]
2023-08-14,"코스피, 사흘째 하락…인플레이션·中 부동산 디폴트 우려 부각[시황종합]"
2023-11-05,내년 선거용 ‘공매도 때리기’…文정부도 대선까지 금지하기도
2023-11-05,우윳값 너무 올랐다…우유·빵 등 7개 물가 정부가 직접 관리
2023-11-05,‘역대 네 번째’ 공매도 전면 금지…투자자 원성에 두 손 든 금융당국
2023-11-05,"금융위 “공매도 재개, 내년 6월 시장 여건 고려해 결정”"
2023-11-05,공매도 '전면 재개' 저울질하던 당국... 여당 압박에 급선회
2023-11-04,"""투자 비법 알려주겠다"" 유명인 사칭 판치는 SNS"
2023-11-04,에이직랜드 청약 흥행…6조2603억 몰렸다
2023-11-04,"캡스톤파트너스, 수요예측 흥행…공모가 상단 초과"
2023-11-04,상장사 손익계산서 바뀐다…“국제기준 충격 대비해야”
2023-11-04,"한국애견협회 주최,‘2023코리아 국제애견미용사 경연대회’성료"
2023-11-03,"뉴욕증시, 10월 고용 둔화에 상승세로 출발"
2023-11-03,"한라IMS, 필터 없앤 선박평형수 장치 美서 기술력 인정"
2023-11-03,美 노동시장 강세 꺾였다…고용보고서에 국채금리 급락 [브레이킹 뉴스]
2023-11-03,키움증권 사장 교체한다…영풍제지 사태 여파
2023-11-03,한국인·가족 16명 동승 日수송기 도쿄 도착
2023-11-02,미국 금리 1년반 만에 ‘정점’ 찍었지만…파월 “내리는 건 검토 안 해”
2023-11-02,“빨리 주식앱 다시 깔아!”…반도체·2차전지 모처럼 ‘급반등’
2023-11-02,대한항공-아시아나 합병 위해 화물부문 매각…외국 항공사 인수 시 국부유출 논란도
2023-11-02,"""걸리면 100만 원 보장"" 불티나던 독감보험 판매 중단…금감원 제동"
2023-11-02, 논란 끊이지 않는 카카오…위기 탈출할 수 있을까[뉴스추적]
2023-11-01,"뉴욕증시, FOMC 결과 앞두고 상승 출발"
2023-11-01,"""비트코인, 2025년엔 2억 간다""…겹호재 '랠리' 올까"
2023-11-01,마지막 대어 '에코프로머티리얼즈' 잡은 미래에셋…IPO 주관 선두 탈환할까
2023-11-01,"""해외부동산 공모펀드 손실 막자"" 리파이낸싱 펀드 조성 '안간힘'"
2023-11-01,분양가 너무 올렸나…강북 인기 단지도 두 달 새 경쟁률 '뚝'
2023-10-31,"뉴욕증시, FOMC 대기하며 하락세로 출발"
2023-10-31,"[단독]""루이뷔통 샀다, 징징거리지 마"" 130억 들고 튀더니 약 올리듯 피해자 조롱"
2023-10-31,"LH, 여의도 임대주택 포기하고 땅 판다…고가 논란 발목"
2023-10-31,"테슬라 주가 ‘날벼락’…차량용 반도체 대장주도 22% 폭락, 왜"
2023-10-31,"""더는 못 버틴다""…가격 인상 둑 터졌다"
2023-10-30,"뉴욕증시, FOMC 대기하며 반등세로 출발"
2023-10-30,“내가 테슬라보다 더 버는데”…‘주가 후진중’ 기아는 억울하다
2023-10-30,"이지스운용, '힐튼호텔 개발' 심의 재도전…연내 개발안 확정할까"
2023-10-30,"영풍제지, 3거래일 연속 하한가…키움증권 손실액↑"
2023-10-30,"“한국개미로 태어난 죄, 인도개미 부럽다”…증시낙폭 비교해보니"
2023-10-29,올해 국내 주식 7.7兆 사들인 ‘개미’ …수익률은 0.82%
2023-10-29,"휴맥스모빌리티, 상장 겨냥 1000억 유치 잰걸음"
2023-10-29,동해 최북단 이어 전남도 럼피스킨병 뚫려…살처분 '전액 보상'
2023-10-29,"""라면 이제는 해외에서 더 팔린다""…1조 원 수출 눈앞"
2023-10-29,햄버거 너마저…먹거리 도미노 인상 우려
2023-10-28,이선균에 지드래곤까지…‘연예계 마약스캔’들에 출렁이는 엔터주
2023-10-28,"‘역대급 실적’에도 LG엔솔에 차가운 시선 보내는 증권사들, 이유는?"
2023-10-28,"""한 달에 1조원씩 버는데""…허탈한 현대차 주주들 [노정동의 선넘는 車 이야기]"
2023-10-28,"국토부, 양평고속도로 종점 자료 누락 ""실무자 지시 있었다"""
2023-10-28,알트코인 '꿈틀'…파워렛저 등 급등락 주의보
2023-10-27,"뉴욕증시, 실적·물가 소화하며 혼조세로 출발"
2023-10-27,“고마운 형들” 함께 달리는 현대모비스…영업이익 20% ‘쑥’
2023-10-27,[단독] ‘기울어진 운동장’ 공매도 금지 검토…다 뜯어 고치겠다는데
2023-10-27,공매도 금지하나…신중론 금융위 “사실 아냐”
2023-10-27,"거래소, 1년간 200% 상승한 종목에도 시장경보 내린다"
2023-10-26,“코인 지식이 부족해서 ”…허술한 대학가 기부코인 관리 실태 연일 국감 도마
2023-10-26,"뉴욕증시, GDP 성장률 강세에도 하락 출발"
2023-10-26,"[단독]'시한폭탄' 홍콩 ELS, 손실 구간 녹인 진입 5조 원 육박"
2023-10-26,5중 악재에 포위된 한국 금융시장… `패닉셀링`은 경계
2023-10-26,증시 ‘쌍두마차’ 폭락… 코스피 2300 깨졌다
2023-10-25,"뉴욕증시, 구글 실적 부담·장기금리 상승에 하락 출발"
2023-10-25,미래에셋 대대적 개편…여성·80년대생 '약진'
2023-10-25,美 3Q 성장률 5% 넘을 수도…그럼에도 늘어나는 침체 전망[오미주]
2023-10-25,"역대급 반대매매 규모…""영풍제지 미수금이 불러온 착시"""
2023-10-25,'리비아 대수로 건설 신화' 최원석 전 동아그룹 회장 별세
2023-10-24,"뉴욕증시, 기업 실적 호조에 상승 출발"
2023-10-24,‘유령이 된 기부코인’ 국감 도마 위에…서울대 총장 “가상자산 기부 절차 규정 정비할 것”
2023-10-24,풍전등화 카카오…시세조작 벌금형땐 카뱅 지분 17% 포기할판
2023-10-24,‘오줌 싸는 작업男 영상’ 하나에 3200억원이 날아간 中 칭다오 맥주
2023-10-24,"中 칭다오 맥주, '방뇨 영상'에 시총 출렁…이틀새 3천억원 증발"
2023-10-23,"뉴욕증시, 美 10년물 금리 5% 재돌파 속 혼조 출발"
2023-10-23,"친환경株, 친개미株는 아니었네…15개중 13개는 손실이라는데"
2023-10-23,"'시세조종 의혹' 김범수, 금감원 13시간 넘게 조사…자정 넘길 듯(종합)"
2023-10-23,이동채 前회장 지분 증발 에코프로에 무슨 일이…
2023-10-23,"채권, 코카콜라, 비만치료제에 빠졌다…증시 ETF는 매도[서학픽]"
2023-09-24,"전통시장 농축수산물 할인에 긴 줄…""차례상 비용 줄었어요"""
2023-09-24,4분기 줄줄이 나빠진다는데…지금이 ‘줍줍’하기 좋다는 이 종목
2023-09-24,“엔화 싸다고 좋아했는데”…시름에 빠진 일학개미 무슨일
2023-09-24,3기 신도시 공급 앞당긴다…추석 전 주택 대책 발표
2023-09-24, 연휴 앞 관망세… FOMC 여진 촉각[증시 풍향계]
2023-09-23, 초단타 매매도 '주가조작'으로 잡혀갑니다[선데이 머니카페]
2023-09-23,영업익 2조원 넘을까…삼성전자 3분기 실적 두고 낮아지는 기대치
2023-09-23,"""1건 처리에 11개월, 400여건 적체""…증권범죄 조사 인력 태부족"
2023-09-23,150만명에 33조 뭉칫돈…두산로보틱스 '따따블' 성공할까
2023-09-23,"""3000만원 주고 그랜저 대신 아이템 샀는데…"" 아빠들 '비명' [박의명의 불개미 구조대]"
2023-09-22,"뉴욕증시, 최근 급락세 되돌리며 상승 출발"
2023-09-22,“숨만 겨우 쉬는 수준”…채권 ‘3배 하락’ 베팅한 서학개미 혼절
2023-09-22,"NH투자증권, 성수동 심층분석 부동산 보고서 발간"
2023-09-22,NH투자증권 '2023 연금저축백서' 발간
2023-09-22,FOMC 다음날 시장이 더 요동친 이유…중립금리 상승[오미주]
2023-09-21,"뉴욕증시, 매파적 연준·국채금리 상승에 하락 출발"
2023-09-21,인간 고유의 창의력 증폭 역할… 유튜버 손품 덜어주는 AI [AI 크리에이터 시대 연다]
2023-09-21,ARM 덕 볼 기업 한국엔…저평가 반도체 회사에 돈 몰려
2023-09-21,"정일문 한투 사장 ""DCM·IPO 이어 유상증자까지 1위할 것"""
2023-09-21,"넥스턴바이오, 코스피 반도체장비업체 미래산업 인수완료"
2023-09-20,"뉴욕증시, FOMC 대기 속에 혼조세로 출발"
2023-09-20,27년 만에 귀국한 태국 국왕 아들 “왕실모독죄 공개 논의하자”
2023-09-20,"도시바, 2조엔에 JIP컨소 품으로…74년 만에 상폐"
2023-09-20,"다올證 '슈퍼개미', 경영 참여 선언…대주주 다툼 본격화"
2023-09-20,내년 금리 인하폭은?…이번 FOMC에서 중요한 모든 것[오미주]
2023-09-19,"뉴욕증시, FOMC 회의 앞두고 하락 출발"
2023-09-19,혼돈의 미국증시 ‘돔황챠’ 한다면…“애·맥·코 삼형제 기억하세요”
2023-09-19,100억이상 자산가들 톱픽 또 이거야?…“광풍 아니고 오를만 했다”
2023-09-19,김재철 동원그룹 명예회장 “HMM 인수는 꿈의 정점”
2023-09-19,"""직장인만 봉?""…역대급 세수 펑크에도 근로소득세만 더 걷혀"
2023-09-18,"뉴욕증시, 이번 주 FOMC 앞두고 혼조세로 출발"
2023-09-18,내달 입주 '브라이튼 여의도' 자금난 없을까…계약률 주목
2023-09-18,"김남구 회장 ""한투證 자기자본 증액?…당근 있다면 모를까, 8조원 충분"""
2023-09-18,"“반도체만 믿고 3배 베팅했는데”…개미들, 대만발 악재 된서리"
2023-09-18,테슬라 270달러 넘자 매물 폭탄…애플-엔비디아는 저가 매수[서학픽]
2023-09-17,요즘 개미·외국인 ‘이것’만 한다는데…버핏이 들으면 뒷목 잡겠네
2023-09-17,"회생기업 플라이강원, 공개매각 전환...오는 10월 입찰"
2023-09-17,나랏빚 1인당 2천2백만 원…가계대출 부담도 늘어
2023-09-17,"자장면 한 그릇 7천 원 시대…자영업자도, 소비자도 한숨"
2023-09-17,"19~20일 美 FOMC… ""금리동결 확률 98%"""
2023-09-16,"의류株, 해외 실적에 반등할까...F&F 등 재평가"
2023-09-16,슈퍼카 못지 않네…전기차도 이젠 '고성능' 경쟁
2023-09-16,네이버·호텔신라·대한유화[유안타證 주간추천주]
2023-09-16,철도파업에 주말 나들이객 발 동동…KTX 증편으로도 역부족
2023-09-16,"""남편 음독, 아내·아들 셋 흉기에 찔려 사망""…영암 일가족 부검"
2023-09-15,"뉴욕증시, 주말 앞두고 하락세로 출발"
2023-09-15,"니드햄, 암홀딩스 투자의견 '보류' 제시…""IPO 이후 가치 평가 이미 충분"""
2023-09-15,"모간스탠리, 키사이트 테크놀로지스 '비중확대'로 상향…주가 24% 상승 여력"
2023-09-15,"유진테크놀로지, 증권신고서 제출…11월 코스닥 상장 도전"
2023-09-15,"질병 진단을 변기가?…""암까지 찾는다"""
2023-09-14,"뉴욕증시, 생산자물가 강세에도 상승 출발"
2023-09-14,기피 식품서 인기 간식된 ‘K-밥도둑’…이제 절반은 수출합니다
2023-09-14,"""주가조작하면 패가망신 시킨댔는데""…잠자는 증권범죄 법안들"
2023-09-14,"김남구 ""한투엔 나보다 연봉 많은 직원 많아"""
2023-09-14,공모가 51달러 Arm…투자할 때 알아야 할 리스크 요인[오미주]
2023-09-13,"뉴욕증시, 물가 지표 소화하며 상승 출발"
2023-09-13,"“美 CPI, 아쉽지만 다행”…2차전지 급등락 주목"
2023-09-13,"니덤 “테슬라, 슈퍼컴에도 마진 감소 부정적”…모간스탠리 반박"
2023-09-13,"검찰, ‘라덕연 투자자 유치’ 도운 시중은행 팀장 구속…도망 염려"
2023-09-13," 연이틀 급등후 12%↓… 잘나가던 넷마블, 왜?[클릭! 이 종목]"
2023-09-12,"뉴욕증시, 애플 이벤트 앞두고 하락 출발"
2023-09-12,"골드만삭스, 제론 '매수'로 상향...신약 출시 기대감"
2023-09-12,나이키가 어쩌다가 이 지경…감당 안되는 재고에 시총 반토막
2023-09-12,"'7만전자' 등극에 엇갈린 투심...증권사 ""하반기 상승에 베팅"""
2023-09-12,'전기차'보다 '하이브리드'...자동차株 지각변동
2023-09-11,"뉴욕증시, 이번 주 CPI 앞두고 상승 출발"
2023-09-11,"애플에 울고 웃고…퀄컴 ""공급계약 3년 더 연장"""
2023-09-11,"뉴욕증시, 상승출발... ‘애플·테슬라 기술주 쌍끌이 기대감’"
2023-09-11,‘의료 인공지능’ 냄새만 풍겨도 상승…올들어 6배 오른 종목도
2023-09-11,하이브도 CJ ENM도 배탈났다…‘독이 든 성배’ 말나오는 이 회사
2023-06-18,금리인하 늦어지며 숨고르기 줄어든 외국인 매수세도 부담[주간 증시 전망]
2023-06-18,[이번주 증시] 금리 동결에 안심 일러…단기조정 우려
2023-06-18,"[주간증시전망]2Q 실적 시즌 앞둔 코스피, 2600선 안착할까"
2023-06-18,[펀드와치]독주하는 반도체…소부장株 활짝 웃었다
2023-06-17,나스닥 8주연속 랠리…'엔비디아 vs AMD' 누가 대장주 [뉴욕마감]
2023-06-16,"[유럽개장]장 초반 강보합…佛 CAC, 0.59%↑"
2023-06-16,"[마켓뷰] 코스피·코스닥 동반 상승, 원·달러 환율은 1270선 안착"
2023-06-16,2620선 지켜낸 코스피…외인 '사자' 전환[마감시황]
2023-06-16,내리는 듯하더니 '또' 오른 日닛케이…금리동결에 환호 [Asia마감]
2023-06-16,"코스피, 외국인 '사자'에 상승 2625선 마감…항공주 대거 강세[시황종합]"
2023-06-15,[유럽개장]장 초반 하락세…프랑스 CAC 0.35%↓
2023-06-15,"""쉬었다 가자"" 도쿄 약보합…""오늘은 내가"" 홍콩 2%↑[Asia마감]"
2023-06-15,"[마켓뷰] 증시, 美 금리 동결에도 中 경제 지표 부진에 소폭 하락"
2023-06-15,"코스피, 中경제지표 부진에 0.4% 하락…2차전지주는 '훨훨'[시황종합]"
2023-06-15,"코스피, 외국인 매도차익거래 0.4%↓…2600선 유지[마감시황]"
2023-06-14,[유럽개장]장 초반 상승세… 프랑스 CAC 0.45%↑
2023-06-14,"오늘도 뜨거운 日 증시…""3만5000 간다"" [Asia마감]"
2023-06-14,"코스피, 무더기 하한가 사태 속 하락 마감…코스닥 2.79%↓[마감시황]"
2023-06-14,"[마켓뷰] 코스피, 2610선으로 후퇴… 코스닥은 2차전지 급락에 2.8%↓"
2023-06-14,'무더기 하한가 사태' 또 터졌다…코스닥 2.8% 털썩 [시황종합]
2023-06-13,[유럽개장]장 초반 상승세…佛 CAC 0.55%↑
2023-06-13,"[마켓뷰] 코스피, 美 기준금리 동결 기대에 상승…삼성전자 1%대 상승"
2023-06-13,日증시 33년만에 3만3000 돌파…대형주·외인의 귀환[Asia마감]
2023-06-13,'12만닉스 코앞' 반도체 밀고 2차전지 끌고…코스피 상승[시황종합]
2023-06-13,"美 CPI 앞두고…환율 1271.4원, 2월 중순 이후 최저[외환마감]"
2023-06-12,[유럽개장]장 초반 상승세…英 FTSE 0.15%↑
2023-06-12,다시금 최고점 다가서는 日증시…이번주 '정책 이슈' 촉각[Asia마감]
2023-06-12,"[시황종합]'연고점' 찍은 코스피, 외국인 매도에 하락 마감…대형주 약세"
2023-06-12,"[마켓뷰] 코스피, 0.45% 하락 마감… 美 FOMC 앞두고 경계감"
2023-06-12,"美 FOMC 앞두고 수출네고 우위…환율, 1290원 하회[외환마감]"
2023-06-11,금리방향 따라 주가 속도조절... 이번주 연준은 '동결'에 무게 [주간 증시 전망]
2023-06-11,"[주간 증시 전망] ""FOMC 결정이 증시 향방 좌우할 것""...2540~2660 전망"
2023-06-11,"[이번주 증시] 코스피, 우상향 이어간다…美 CPI·FOMC에 '촉각'"
2023-06-11,87% 폭등 테슬라에 2차전지 펀드 들썩…조선해운도 미소[펀드와치]
2023-06-11,"'연중 최고' 코스피, FOMC 훈풍 기대해도 될까 [주간증시전망]"
2023-06-10,테슬라 11일 연속 상승세…나스닥도 7주 연속 [뉴욕마감]
2023-06-09,[유럽개장]장 초반 하락세...英 FTSE 0.02%↓
2023-06-09,美 훈풍 타고 반등…日닛케이 1.97%↑[Asia마감]
2023-06-09,[시황종합]코스피 1년만에 2640선 탈환…환율 1290원선으로 내려앉아
2023-06-09,"[마켓뷰] 코스피, 외국인·기관 동반 매수... 2640선 등정"
2023-06-09,"코스피, 외인·기관 '사자'에 2640선 돌파…연고점 경신[마감시황]"
2023-06-08,'부양책 기대' 中·홍콩 반등 성공…상하이 0.49%↑[Asia마감]
2023-06-08,"[시황종합]""금리인상 안 끝났다""…불안감에 코스피·코스닥 약세"
2023-06-08,"[마켓뷰] ‘네 마녀의 날’ 증시 약세…코스닥, 7거래일 만에 하락"
2023-06-08,"긴축 공포감에도…환율, 장막판 하락 전환해 1303.7원[외환마감]"
2023-06-08,"코스피, '네 마녀의 날' 0.2%↓…한때 2600선 하회[마감시황]"
2023-06-07,[유럽개장]장 초반 일제히 하락세…佛CAC 0.35%↓
2023-06-07,"""너무 올랐나?"" 日 급락…'반도체' 대만은 13개월 최고 [Asia마감]"
2023-06-07,[시황종합]에코프로 급등에 코스닥 1%대 상승…환율 장중 1300선 하회
2023-06-07,"[마켓뷰] 코스피, 2거래일 연속 연고점 경신…2620선도 뚫었다"
2023-06-07,2610선 내려앉은 코스피 숨고르기…코스닥 강세[마감시황]
2023-06-06,"출렁거렸던 日닛케이, 결국 또 33년 최고치 '0.90%↑'[Asia마감]"
2023-06-06,"美 국채 쓰나미 우려, 뉴욕 증시도 '움찔'…다우 0.59%↓[데일리 국제금융시장]"
2023-06-06,애플 460만원 가상헤드셋 발표…숨고른 나스닥 0.09%↓[뉴욕마감]
2023-06-05,日증시 33년만에 최고치 또 경신… 닛케이 2.2%↑ [Asia마감]
2023-06-05,"코스피, 2610선 안착…가치주 강세 주도[마감시황]"
2023-06-05,[시황종합]코스피·코스닥 동반강세…삼전·하이닉스는 '숨고르기'
2023-06-05,"[마켓뷰] 코스피, 기관 ‘사자’...2610선 상승 마감"
2023-06-05,"美 고용 '서프라이즈'…환율, 상승해 1308원대로[외환마감]"
2023-07-02,삼성전자 실적 반등에 쏠린 눈… 美 금리 추가인상 변수는 여전 [주간 증시 전망]
2023-07-02,삼성전자 실적이 '여름 코스피' 좌우한다 [주간증시전망]
2023-07-02,[이번주 증시] 삼전 2Q 실적에 쏠린 눈…하반기 방향성 달렸다
2023-07-02,[주간증시전망]변동성 장세 계속…2Q 실적 시즌이 ‘관건'
2023-07-02,[펀드와치]삼성전자 신고가·소부장株↑…반도체 ETF 웃었다
2023-07-01,엔비디아 목표가 475弗…월가 AI파티 언제까지 [뉴욕마감]
2023-06-30,[유럽개장]장초반 상승…英 FTSE 0.47% ↑
2023-06-30,"[마켓뷰] 상반기 마지막 거래일 상승 마감… 코스피, 연초 대비 14% 올라"
2023-06-30,"中 PMI 부진에도 살아난 투심…""경기 부양책 기대""[Asia마감]"
2023-06-30,"코스피, 기관 '사자' 나흘만에 반등…2560선 마감[시황종합]"
2023-06-30,"강달러 vs 반기말 네고…환율, 상승폭 꺾여 보합권[외환마감]"
2023-06-29,"[마켓뷰] 코스피, 기관 매도에 0.55% 하락…3일 연속 내리막"
2023-06-29,美·유럽 긴축 장기화 경계감 속 日 0.12% 상승[Asia마감]
2023-06-29,"코스피, 기관 '팔자'에 2550선까지 밀려[마감시황]"
2023-06-29,파월 발언에 환율 10원 이상 껑충…증시는 약세 마감[시황종합]
2023-06-29,"'매' 파월+强달러…환율, 1310원 중후반대로 4주만에 최고[외환마감]"
2023-06-28,[유럽개장]장 초반 상승세… 英 FTSE 0.5%↑
2023-06-28,日 닷새 만에 급반등…닛케이 2% 껑충↑ [Asia마감]
2023-06-28,[마켓뷰] 코스피 2560선으로 밀려… 외국인 현선물 동반 매도
2023-06-28,"코스피, '파월의 입' 기다리며 0.7%↓…2560선 마감[마감시황]"
2023-06-28,코스피·코스닥 하락마감…파월 발언 앞둔 관망세 속 외인 매도[시황종합]
2023-06-27,[유럽개장]장 초반 상승세…英 FTSE 0.13%↑
2023-06-27,日증시 분위기 바뀌나…닛케이 나흘 연속 하락[Asia마감]
2023-06-27,"[마켓뷰] 코스피, 2580선 하락 마감…오후 들어 낙폭 줄어"
2023-06-27,"코스닥, 외국인 매도세에 0.61% 하락…코스피 약보합[시황종합]"
2023-06-27,"코스피, 외국인 매도에 0.03%↓…2580선 유지[마감시황]"
2023-06-26,[유럽개장]장 초반 하락세…英 0.35%↓
2023-06-26,러 상황 주시하며 하락…日 0.25%↓[Asia마감]
2023-06-26,러 반란에도 증시 상승마감…외인·기관 쌍끌이 매수[시황종합]
2023-06-26,"코스피, 외인·기관 매수에 소폭 상승…2580선 마감[마감시황]"
2023-06-26,"[마켓뷰] 코스피, 기관·외국인 ‘동반 매수’... 2580선 상승 마감"
2023-06-25,실적시즌 앞두고 종목장세 예상美·中 대화 재개 수혜주에 주목 [주간 증시 전망]
2023-06-25,실적 시즌 앞두고 종목장세...실적 뛰는 기업 주목 [주간증시전망]
2023-06-25,[이번주 증시] 통화 긴축 불확실성 지속…단기 매물 출회 가능성
2023-06-25,尹 베트남 국빈방문에 K방산주 랠리[펀드와치]
2023-06-24,나스닥 8주상승 마감…애플은 187.56弗 사상최고 [뉴욕마감]
2023-06-23,[유럽개장]영국·독일 등 장 초반 약보합
2023-06-23,긴축 우려 재점화에 코스피 '흔들'…외인·기관 '팔자'[시황종합]
2023-06-23,주요국 도미노 금리인상…걱정 커진 증시[Asia마감]
2023-06-23,[마켓뷰] 밀려오는 긴축 먹구름… 코스피 0.9%↓·환율은 1300원대 올라서
2023-06-23,"코스피, 외인·기관 매도에 2570선도 위협[마감시황]"
2023-06-22,"멈추지 않겠다는 파월, 日 0.92%↓…중화권 휴장[Asia마감]"
2023-06-22,[유럽개장]영국·독일 등 장 초반 하락세
2023-06-22,메모리부터 차량용 시스템칩까지 … 반도체주에 시선집중 [빅데이터로 본 재테크]
2023-06-22,"[마켓뷰] 파월 매파적 발언에도 버텼다... 코스피, 2590선 상승 마감"
2023-06-22,'매파' 파월 발언에도 코스피 반발 매수세…4거래일 만에 상승[시황종합]
2023-06-21,[유럽개장] 주요국 혼조세…英 0.07%↓
2023-06-21,"'버핏 효과' 본 日, 부양책에 실망한 中[Asia마감]"
2023-06-21,"위안 약세 속 외국인 증시 순매도…환율, 8거래일 만에 1290원대[외환마감]"
2023-06-21,"[마켓뷰] 코스피, 시총 상위株 약세에 2580선 하락 마감"
2023-06-21,"코스피, 외인·기관 동반 매도에 2600선 밑으로[마감시황]"
2023-06-20,기대에 못 미친 中 금리 인하…중화권 일제히 하락[Asia마감]
2023-06-20,[유럽개장]혼조세 출발…獨 0.34%↓ 英 0.15%↑
2023-06-20,"[마켓뷰] 코스피, 외국인·기관 ‘팔자’에 간신히 2600 지켜"
2023-06-20,"코스피, 외인·기관 매물에 0.2%↓…2600선 유지[마감시황]"
2023-06-20,"수출네고 우위…환율, 하락 전환해 1280원대[외환마감]"
2023-06-19,[Asia마감]차익실현 매물에 일제히 하락
2023-06-19,[유럽개장]장 초반 하락세…佛 0.63%↓
2023-06-19,"[마켓뷰] 코스피, 0.6% 하락…원·달러 환율은 10원 넘게 급등"
2023-06-19,"코스피, 긴축 경계심에 '2600선' 턱걸이…외국인 매물출회 확대[시황종합]"
2023-06-19,2600선 간신히 지킨 코스피…외인·기관 '팔자'[마감시황]
2023-06-04,AI·전기차 주도 서머랠리 기대.. FOMC 앞두고 숨고르기 전망도 [주간 증시 전망]
2023-06-04,"2600 돌파 후 ""섬머랠리 vs 숨고르기""...FOMC 장마 영향은 [주간증시전망]"
2023-06-04,"[이번주 증시] 코스피 이끈 반도체株, 숨고르기?…조정시 매수"
2023-06-04,[펀드와치]연고점 갈아치운 IT·반도체株…레버리지 '쑥'
2023-06-04,'6월 서머랠리' 올까…FOMC 영향권 진입[주간증시전망]
2023-06-03,"굳건한 美경제 실업최저 ""경기침체 아닌 골디락스"" [뉴욕마감]"
2023-06-02,[유럽개장] 장 초반 일제히 상승세…佛 1.01%↑
2023-06-02,美 디폴트 위기 해소·RCEP 발효 훈풍…홍콩 4%대 급등 [Asia마감]
2023-06-02,"코스피, 종가 기준 1년여 만에 2600선 회복[마감시황]"
2023-06-02,"환율, 급락해 1310원 밑으로…한달 반만에 최저치[외환마감]"
2023-06-02,"[시황종합]코스피, 1년만에 2600 회복 '축포'…""금리인상 종결 기대감"""
2023-06-01,[유럽개장]장 초반 상승세…獨0.89%·佛0.6%↑
2023-06-01,日 하루 만에 반등…닛케이 0.84%↑[Asia마감]
2023-06-01,"코스피, 기관 매도에 0.3% 하락…2560선으로 후퇴[마감시황]"
2023-06-01,엔비디아 급등 효과…'7만전자'로 돌아온 삼전에 관심집중 [빅데이터로 본 재테크]
2023-06-01,"美 긴축 중단 가능성…환율, 하락해 1320원 초반대로[외환마감]"
2023-05-31,"[유럽개장]장 초반 하락세…""美 부채한도 상향 법안 표결 불안"""
2023-05-31,높이 날던 日증시 떨어트린 中 경제지표 [Asia마감]
2023-05-31,"[마켓뷰] 코스피, 2600 목전에 두고 매물 출회에 미끌…2577.12로 하락 마감"
2023-05-31,"中 제조업 위축 국면…환율, 상승해 1320원 후반대로[외환마감]"
2023-05-31,[시황종합]北 발사체에도 외국인 '사자'…中 지표 악화에 코스피 하락
2023-05-30,[유럽개장] 장 초반 혼조세…英0.09%↓·獨0.3%↑
2023-05-30,차익 매물 나왔지만 사들인 외국인…日증시 또 상승 [Asia마감]
2023-05-30,"[마켓뷰] 외국인이 끌어올린 코스피, 2600선 불과 15포인트 남았다"
2023-05-30,[시황종합]외인 '사자'에 코스피 연고점 경신…삼전·하이닉스 강세
2023-05-30,"달러 강세+위안화 약세…환율, 소폭 상승해 1324.9원[외환마감]"
2023-05-29,[주간 증시 전망] 반도체 업종 지수견인 기대감.. 美 경제지표가 금리향방 결정
2023-05-29,美 디폴트 불안 해소…日닛케이 33년 만에 '또' 최고치[Asia마감]
2023-05-29,"[주간 증시 전망] 코스피·코스닥 온도차 확대, 6월 FOMC 촉각"
2023-05-28,[이번주 증시] 美부채협상·연준 금리인상 여부에 관망
2023-05-28,주식시장은 아직 배고프다…반도체 말고 뜨는 이 업종은[주간증시전망]
2023-05-28,"[펀드와치]""엔비디아 땡큐""…반도체 ETF 달렸다"
2023-05-27,"""美부채협상 주말결판""…나스닥 2.19% S&P 1.3%↑[뉴욕마감]"
2023-05-26,[유럽개장]장 초반 강보합..英 0.18%↑
2023-05-26,"코스피, 반도체株 강세에 2550선 상승 마감[마감시황]"
2023-05-26,[Asia마감]날개 단 반도체주…日·中 일제히 상승
2023-05-26,"[마켓뷰] 코스피, 강보합 마감…1년 2개월 만에 ‘7만전자’"
2023-05-26,"코스피, 외인 '사자' 강보합 2558선…삼성전자·SK하이닉스 강세[시황종합]"
2023-05-25,'반도체 훈풍' 분 日…홍콩은 '美 디폴트 우려'에 급락 [Asia마감]
2023-05-25,[유럽개장]장 초반 일제히 하락세…佛CAC 0.56%↓
2023-05-25,"코스피, 美 불확실성에 기관 '팔자' 0.5% 하락…반도체주 두각[시황종합]"
2023-05-25,"달러 강세+위안화 약세…환율, 1320원 중반대로[외환마감]"
2023-05-25,바이오 바람 불어오나 … 루닛·파마리서치에 관심 몰려 [빅데이터로 본 재테크]
2023-05-24,코로나가 또? 中 재확산에 증시도 '발목' [Asia마감]
2023-05-24,[유럽개장]장 초반 하락세…英 1.41%↓·獨 1.31%↓
2023-05-24,"코스피, 2560선 약보합 마감…숨고르기[마감시황]"
2023-05-24,"코스피, 美 부채 협상 난항에 약보합 마감…8거래일 만에 하락[시황종합]"
2023-05-24,"[마켓뷰] 코스피, 기관 순매도...2560선 약보합 마감"
2023-05-23,'반도체 수출 규제'에 브레이크 걸린 日증시 [Asia마감]
2023-05-23,"[마켓뷰] 코스피, 7거래일 연속 상승…2567.55 마감"
2023-05-23,"코스피, 7거래일 연속 상승 2567선…2차전지주 강세[시황종합]"
2023-05-23,"원화 모멘텀 전환 계속…환율, 하락해 1310원대 초반[외환마감]"
2023-05-23,"코스피, 2560선 안착…7거래일 연속 상승[마감시황]"
2023-05-22,"훨훨 나는 日증시…닛케이, 33년 만에 3만1000선도 돌파 [Asia마감]"
2023-05-22,"[마켓뷰] 증시, 투자 심리 회복에 2550선 회복…삼성전자, ‘7만전자’ 눈 앞"
2023-05-22,[유럽개장]혼조세 출발…英0.26%↑·獨 0.15%↓
2023-05-22,"코스피, 6거래일 연속 상승…2550선 회복[마감시황]"
2023-05-22,"코스피, 위험선호 심리 회복에 상승 2557선…조선주 강세 [시황종합]"
2023-09-10,또 발목잡은 중국…주가 올라도 기업가치 최저라는 이 종목
2023-09-10,"인기 이 정도였어?…개인 보유비중 25% 국채 등장, 무슨 일이"
2023-09-10,"""진짜 공식 채널인 줄""…유명 브랜드 사칭한 카카오톡 채널 '신종 사기' 활개"
2023-09-10,증시 당분간 박스권… 금리·유가가 최대 변수 [증시 풍향계]
2023-09-10,"""반도체와 2차전지株 힘 못쓰네""... 투심위축에 코스피 거래대금 뚝"
2023-09-09,"증선위, 공매도 위반 자산운용·증권사 11곳 적발"
2023-09-09,로또 1등 15명…당첨금 각 17억3876만원(종합)
2023-09-09,'바늘구멍' 취업문 애타는 청년…반도체는 모셔오기 경쟁
2023-09-09,"주주 숙원이었는데…셀트리온-헬스케어 합병, 이대로 가면 무산?"
2023-09-09,"“주민 쓸 전기도 없는데”…美 텍사스, 비트코인 채굴업체에 보조금 논란"
2023-09-08,"도이치방크, 퍼스트솔라 '매수'로 상향…목표가 235달러"
2023-09-08,"크로거, 전국적인 오피오이드 이의 해결 위해 12억 달러 지불"
2023-09-08,영화 '마션' 현실되다…화성서 산소 추출 성공
2023-09-08,중국이 쏘아올린 ‘좀 큰 공’…애플 이어 하이닉스·이노텍 도 휘청
2023-09-08,中 아이폰 금지에 화웨이 돌풍까지…애플 주가는 어디로?[오미주]
2023-09-07,"뉴욕증시, 애플 약세·기술주 부진에 하락 출발"
2023-09-07,“투자하라고 멍석 깐 수준”…역대급 엔저에 웃는 이 종목
2023-09-07,"“불법공매도로 주식시장 물 흐린 주범, 바로~”…외국인이 70%"
2023-09-07,"이젠 황제주 자리도 위태롭다…힘 빠진 에코프로, 이유가?"
2023-09-07,"""中, 요소 수출 중단 지시"" 수입 2위 韓 또 타격받나"
2023-09-06,"뉴욕증시, 유가·지표 주시하며 하락 출발"
2023-09-06,미국펀드 3년간 41% 수익낼때 여기는 무려 83%…대체 어디길래
2023-09-06,"사야 하나, 팔아야 하나…美증시 3가지 시나리오[오미주]"
2023-09-06,"자사주 매입의 매직?… ""소각으로 이어져야 진정한 주주환원"""
2023-09-06,韓 수출 둔화 속 강달러 덮쳐…위안·엔보다 가치 더 떨어진 원화
2023-09-05,"뉴욕증시, 국제유가 상승에 하락 출발"
2023-09-05,‘황제주’ 에코프로 공매도 잔고 1조원 다시 넘었다…주가 하락에 베팅
2023-09-05,"한전KDN·마사회, YTN 같이 판다…지분 30.95%"
2023-09-05,유럽 최대 모터쇼에 삼성·LG 출격…중국 차도 몰려왔다
2023-09-05,뛰는 과일값 나는 전기요금에 서민들 '헉헉'…추석 어떻게 쇠나
2023-09-04,"""어, 어, 또 오르나""…매물 공백 속 엔비디아·테슬라 매수[서학픽]"
2023-09-04,"이복현 금감원장 ""대기업 오너든 정치권력이든 불법 연루 땐 공표""(종합)"
2023-09-04,중국 화웨이에 IFA 쇼크…냉장고·세탁기 점유율도 1위
2023-09-04,혜택을 주진 못할망정…장기 기증자에 보험료 할증한 보험사들
2023-09-04,증권사 부실 부동산PF 6兆
2023-09-03,'최대 60조' 역대급 세수 펑크…추경 대신 기금으로 불 끈다
2023-09-03,"두려운 8월 전기요금 고지서, 30% 더 쓴 집 작년 2배 낸다"
2023-09-03,'거거익선'은 맞지만…100인치 TV 두고 엇갈린 시선
2023-09-03, 박스권 속 `유커 테마주` 기대감[증시 풍향계]
2023-09-03,라임 등 판매사 CEO 제재 연기… 전방위 재수사에 징계수위 촉각
2023-09-02," 증권가도, 정치권도 숨막히는 '나의 라임 재조사'[선데이 머니카페]"
2023-09-02,로또 1등 15명…당첨금 각 17억1308만원(종합)
2023-09-02,K-가전 겨냥한 '대륙의 도발'…압도적 기술력으로 반격
2023-09-02,"광산에서도, 물속에서도 통신 가능…ETRI, 세계 최초 개발"
2023-09-02,오염수 우려 잦아드나?…일본행 항공권 동나고 수산시장 북적
2023-09-01,"UBS ""브로드컴, AI군비경쟁의 수혜…목표가 925달러"""
2023-09-01,"호주 산토스, PNG LNG 프로젝트 지분 3% 7억3600만 달러에 매각"
2023-09-01,美 8월 고용 완만히 둔화…굳어지는 9월 금리동결론
2023-09-01,"거래소, 이화그룹 3사 상장폐지 결정"
2023-09-01,한달새 16조원 중국 탈출작전…중학개미도 7년만에 ‘팔자’ 변심
2023-08-31,"“돈 쓸곳 어디없나” 궁리만...중동 큰손, 한국 3형제 투자한다는데"
2023-08-31,"뉴욕증시, 연준 선호 물가 소화하며 상승 출발"
2023-08-31,200% 올랐지만 지금이라도…서학개미들 쓸어담은 이 종목
2023-08-31,‘경남은행 1000억원대 횡령’…공범 증권사 직원 구속
2023-08-31,"""주식 없는 고통 커질 것…대선 전 해라는 점 기억해야""[오미주]"
2023-08-30,"뉴욕증시, 민간 고용 둔화에도 상승 출발"
2023-08-30,이준석 “MZ는 이념보다 치킨…수도권 어려운 정치할 것”
2023-08-30,"한 총리, 택시 기본요금 질문에 “1000원”"
2023-08-30,사상최고가 경신한 엔비디아…주가 위협 요인 '셋'[오미주]
2023-08-30,1등 모범생이 왕따 된 사연…요즘 이 종목 담았다고 하면 ‘절레절레’
2023-08-29,"뉴욕증시, 국채금리 하락 속에 상승 출발"
2023-08-29,"자금 조달 400억→280억…셀리드 ""그래도 임상 올인"""
2023-08-29,“아이폰15 걱정할 시간에 애플 주식 사라”...월가 전문가는 ‘줍줍’ 추천
2023-08-29,KB금융 회장 최종 후보에 김병호·양종희·허인
2023-08-29,"""안도랠리에 안심하지 말라…나스닥 최악의 9월이 온다""[오미주]"
2023-08-28,"뉴욕증시, 물가·고용 보고서 앞두고 상승 출발"
2023-08-28,개미들 이번엔 맞힐까...9조어치 사들이며 금리 하락에 베팅
2023-08-28,엔비디아 1억불 샀는데 주가 왜 이래?…시스코 악몽에 한숨[서학픽]
2023-08-28,무죄받은 디스커버리펀드 재검사…최다 판매한 기업은행 초점
2023-08-28,추석 한 달 앞 과일·제수용품 금값…국제식량가격 급등 '불안'
2023-03-26,[주간 증시 전망] 박스피 속  '돈맥완화' 기대감↑
2023-03-26,[이번주 증시] 美은행권 사태 후 방향 촉각…박스권 장세 전망
2023-03-26,[펀드와치]코스닥 레버리지 '쑥'…2차전지·게임주 강세
2023-03-26,[주간증시전망]'눈치보기' 장세 속 2차전지 과열 주의
2023-03-25,도이체방크 흔들렸지만 블라드가 한 말…다우 132p↑[뉴욕마감]
2023-03-24,[유럽개장]하락 출발…英FTSE 0.73%↓
2023-03-24,"[Asia마감]日은 '엔고', 中·홍콩은 '차익실현'…일제히 하락"
2023-03-24,"[마켓뷰] 코스피, 다시 하락 마감… 外人은 삼성전자만 4650억원어치 샀다"
2023-03-24,"급락 되돌림+저가 매수…환율, 15원 이상↑ 1290원대 중반[외환마감]"
2023-03-24,"[마감시황]코스피, 4거래일 만 하락…2410선 마감"
2023-03-23,[유럽개장]美 Fed 금리인상에 장초반 약보합
2023-03-23,"""연준 긴축 끝나간다""…일본 빼고 상승[Asia마감]"
2023-03-23,"'긴축 조절' 기대에 환율 급락, 코스피 반등…""외국인 사자""[시황종합]"
2023-03-23,"[마켓뷰] 코스피, 상승 마감… 美 금리인상 종료 기대감 영향"
2023-03-23,"긴축 종료 기대감…환율, 29원 급락해 1270원대[외환마감]"
2023-03-22,[유럽개장]하락세 출발…英 0.2%↓
2023-03-22,"""금융위기 없다"" 안도 랠리…연준에 쏠리는 눈 [Asia마감]"
2023-03-22,"[마켓뷰] 증시, 美 FOMC 앞두고 1.2% 상승...테슬라 효과에 웃은 2차전지株"
2023-03-22,[코스닥 마감]美 옐런 발언에 투자심리 온기 확산…810선
2023-03-22,"코스피, 7거래일 만에 2400선 회복…외국인·기관 '사자' [시황종합]"
2023-03-21,은행위기 진정되며 일단 반등…홍콩 1.4%↑[Asia마감]
2023-03-21,"[마켓뷰] 코스피, 기관 순매수...2380선 상승 마감"
2023-03-21,"""기관 사자"" 코스피, 강보합…엔터·게임株, 중국發 호재에 강세[시황종합]"
2023-03-21,"FOMC 경계감 속…환율, 소폭 올라 1311원[외환마감]"
2023-03-21,[코스닥 마감]금융리스크 불안감 해소에 소폭 상승…800선
2023-03-20,스위스 '급한불' 껐지만 여전한 불안감…일제히 하락[Asia마감]
2023-03-20,[마켓뷰] 개장 전 ‘UBS의 CS 인수’ 극적 타결됐지만 그래도 주식 판 외국인
2023-03-20,FOMC 경계감에 코스피 하락…에코프로株 반등에 코스닥 상승[시황종합]
2023-03-20,"금융시스템 불안 여진…환율, 상승해 1310원대로[외환마감]"
2023-03-20,[코스닥 마감]개인 사자에 7거래일만 800선 회복…에코프로株 양전
2023-03-19,SVB사태 여파 속 FOMC 열려... 美 금리 스텝 따라 변동성 확대 [주간 증시 전망]
2023-03-19,[이번주 증시] SVB·CS로 위축된 투심…FOMC 금리결정 주목
2023-03-19,[주간증시전망]FOMC 앞두고 숨죽인 증시…2차전지 이후 주도 테마 찾아라
2023-03-19,[펀드와치]SVB 사태에도 굳건한 2차전지…수익률 상위 싹쓸이
2023-03-19,[주간증시전망] 은행 리스크 확산 우려…관망심리 강화 예상
2023-03-18,밑빠진 은행에 물붓기…유리멘탈 증시 '다우 384p↓' [뉴욕마감]
2023-03-17,美 은행권 리스크 일단 진정…일제히 상승[Asia마감]
2023-03-17,[마켓뷰] 하루 만에 반등한 코스피… 반도체·로봇주 웃고 이차전지주 울었다
2023-03-17,"[시황종합]""美 은행 파산공포 완화""…대형 반도체주, 지수 상승 견인"
2023-03-17,"금융시스템 우려 완화…환율, 장중 1300원도 하회[외환마감]"
2023-03-17,"[마감시황]코스피, 외인·기관 동반 매수에 상승…2400선 턱밑 마감"
2023-03-16,[유럽개장] 장 초반 상승세…英 0.92% ↑
2023-03-16,"""SVB→CS→다음은?""…불안불안한 아시아 증시 [Asia마감]"
2023-03-16,"[시황종합]""CS發 우려 완화""…코스피 낙폭 줄이며 약보합 마감"
2023-03-16,"[마켓뷰] 코스피, 크레디트스위스 우려 딛고 0.1% 하락 ‘선방’"
2023-03-16,SM 경영권 인수한 카카오 … 단숨에 '엔터 공룡' 부상 [빅데이터로 본 재테크]
2023-03-15,[유럽개장]장 초반 하락세…英 0.61%↓
2023-03-15,中 경기회복·SVB 사태 진정에 반등…상하이 0.55%↑[Asia마감]
2023-03-15,[마켓뷰] 美 훈풍에 하루 만에 반등…코스피 1.3%·코스닥 3% 상승
2023-03-15,"中 경제지표 호조에…환율, 7원 내려 1300원 초반[외환마감]"
2023-03-15,"[시황종합]""인플레·SVB 우려 해소""…증시 하루만에 반등"
2023-03-14,[유럽개장]장 초반 혼조세…英 0.13%↓
2023-03-14,SVB 사태 여진…日·홍콩 2%대 급락[Asia마감]
2023-03-14,"[마켓뷰] ‘SVB 사태’, 이제 시작일 수도...외국인 선·현물 투매에 코스피 2.56% 하락"
2023-03-14,"[시황종합]""올해 최악의 날""…SVB 후폭풍에 증시 급락"
2023-03-14,"美 CPI 경계감 속…환율, 상승 전환해 1310원 초반[외환마감]"
2023-03-13,[유럽개장]SVB 후폭풍에 장초반 하락…은행주 4% ↓
2023-03-13,"SVB 파산 엇갈린 충격…중화권 상승, 홍콩 1.95%↑[Asia마감]"
2023-03-13,[마켓뷰] 은행이 파산했는데도 “금리 덜 올릴 것”에 환호한 韓증시
2023-03-13,"[시황종합]""SVB 사태에도 선방"" 증시 반등해 상승 마감…환율 22원 급락"
2023-03-13,"美 SVB 파장에…환율, 22원 급락해 1300원 초반[외환마감]"
2023-07-16,긴축부담 덜고 반등장 시동... 美기업 실적 훈풍 기대감도 [주간 증시 전망]
2023-07-16,[이번주 증시] 기업실적·펀더멘탈 주목…종목간 차별화
2023-07-16,"어닝시즌, 랠리 분수령…“반도체·車·방산주 주목”[주간증시전망]"
2023-07-16,[펀드와치]조선·해운 ETF 훨훨…“고용부 일자리 정책 효과”
2023-07-15,빅뱅크 '어닝 서프라이즈'…그런데 은행주 폭락 이유 [김현석의 월스트리트나우]
2023-07-15,JP모간은 오르고 씨티는 내렸다…예상초과 실적에도 명암 [뉴욕마감]
2023-07-14,[유럽개장] 장 초반 혼조세…佛CAC 0.37%↑
2023-07-14,美 긴축 종료·中 추가 부양책 기대 속 日 홀로 하락 [Asia마감]
2023-07-14,"[마켓뷰] 4일 연속 오른 코스피, 2600선 안착…시총 상위株 강세"
2023-07-14,"달러인덱스 100 하회…환율, 1265.8원으로 5개월여만 최저[외환마감]"
2023-07-14,외인·기관이 끌어올린 코스피…한달만에 2620선 안착[시황종합]
2023-07-13,[유럽개장] 장 초반 일제히 상승세…英 FTSE 0.24%
2023-07-13,'수출 침몰' 中증시 살린 '부양 기대'…홍콩 2.6%↑ [Asia마감]
2023-07-13,"美인플레 하방 쇼크…환율, 1274원으로 19거래일만 최저[외환마감]"
2023-07-13,"[마켓뷰] 코스피, 3거래일 연속 상승… 美 인플레 둔화에 안도"
2023-07-13,"美 물가 둔화에…코스피, 2590선 상승 마감[마감시황]"
2023-07-12,[유럽개장]美 6월 CPI 발표 앞두고…장 초반 상승세
2023-07-12,"'엔화 강세'에 흔들린 日… 토픽스, 7거래일 연속 추락 [Asia마감]"
2023-07-12,[마켓뷰] 코스피 2570선 회복…美 CPI 발표 앞둔 관망세
2023-07-12,"코스피, 외인·기관 '사자'에 이틀연속 상승…2570선 안착[시황종합]"
2023-07-12,"코스피, CPI 발표 전 외국인 매수에 0.5%↑[마감시황]"
2023-07-11,日 가까스로 6일 만에 반등…中 부동산 부양책에 ↑ [Asia마감]
2023-07-11,[유럽개장] 장 초반 강보합…英 FTSE 0.03%↑
2023-07-11,"[마켓뷰] 코스피, 외국인·기관 ‘사자’에 2560선 회복"
2023-07-11,"美 인플레 둔화 기대…환율, 1293.7원으로 2주래 최저[외환마감]"
2023-07-11,"코스피, 6거래일 만에 반등…2560선 장 종료[마감시황]"
2023-07-10,"""부양책 또 나오겠지""…中, 디플레 우려에도 4일만에 반등 [Asia마감]"
2023-07-10,[유럽개장]장 초반 강보합세…英 0.11%↑
2023-07-10,"[마켓뷰] 외국인·기관, 2차전지주 ‘팔자’...약보합 마감한 코스피"
2023-07-10,中 물가 둔화·새마을금고 우려…환율 1300원대 중반 상승 [외환마감]
2023-07-10,"코스피, 외인·기관 매도에 닷새째 하락…2520선 위태[마감시황]"
2023-07-09,美 긴축우려에 증시 하방 압력...새마을금고 사태 영향은 제한적 [주간 증시 전망]
2023-07-09,긴축 우려에 조정 가능성 커져...美 물가·실적시즌 주목 [주간증시전망]
2023-07-09,[이번주 증시] 美 연준 발언·中 물가 흐름 주목…상승 탄력 둔화
2023-07-09,"""미국이랑 달렸는데…"" 주춤한 코스피, 7월 '중립' 의견도 [주간증시전망]"
2023-07-09,"""땡큐 에코프로"" 2차전지 ETF 수익률 상위 싹쓸이[펀드와치]"
2023-07-08,주당 7弗 위태로운 TMF…7·9월 연속 금리인상 반영 [뉴욕마감]
2023-07-07,[유럽개장]장 초반 하락세…英 0.56%↓
2023-07-07,"""오늘 밤도 불안"" 美 긴축 공포에…日 나흘째 하락 [Asia마감]"
2023-07-07,"[마켓뷰] 코스피, 4일째 뒷걸음질 2520대… 삼성전자는 “아! 다시 6만전자”"
2023-07-07,"美 고용지표 호조에 살아난 긴축 공포…환율, 이틀째 올라 1305원[외환마감]"
2023-07-07,"코스피 4거래일 연속 하락 마감, 三電 7만원선 깨져[시황종합]"
2023-07-06,[유럽개장] 장 초반 하락세…英 1.17%↓
2023-07-06,다시금 짓누르는 美 금리인상 우려…홍콩 3% 가까이 추락[Asia마감]
2023-07-06,"연준 매파 의지 확인…환율, 하루 만에 1300원대로 상승[외환마감]"
2023-07-06,[마켓뷰] 코스피·코스닥 동반 하락…연준 금리인상·새마을금고 부실 우려 영향
2023-07-06,1.2조 유상증자 나선 SK이노베이션 … 한주간 여의도 달궈 [빅데이터로 본 재테크]
2023-07-05,[유럽개장]장 초반 하락세…英 FTSE 0.56%↓
2023-07-05,"""中 경기 수축 장기화 우려""…아시아 증시 일제히 하락[Asia마감]"
2023-07-05,"[마켓뷰] 증시, 2570선 하락 마감…에코프로는 또 신고가"
2023-07-05,FOMC 의사록 앞두고 증시 혼조세…코스피 하락·코스닥 강보합[시황종합]
2023-07-05,"코스피, 기관 '팔자'에 2570선 후퇴…에코프로 신고가[마감시황]"
2023-07-04,[유럽개장]상승세 출발…英 0.05%↑
2023-07-04,보합권 숨고르기 장세…일본↓· 홍콩↑[Asia마감]
2023-07-04,"[마켓뷰] 하루 만에 다시 2500선…코스피, 하락 마감"
2023-07-04,"코스피, 다시 2600 아래로…美 휴장 앞두고 관망세[마감시황]"
2023-07-04,"코스피, 기관·외인 매도에 약세…""2650선 탈환 쉽지 않을 것""[시황종합]"
2023-07-03,[유럽개장]주요국 상승 출발…영국 FTSE 0.32%↑
2023-07-03,7월 첫날 더 뜨거워진 日증시…33년 만에 최고치[Asia마감]
2023-07-03,[마켓뷰] 코스피 2600선 회복... 에코프로 사상최고가 경신
2023-07-03,"위안화 강세에 환율, 나흘 만에 하락 전환[외환마감]"
2023-07-03,"""2차전지 투심 살아났다""…코스피·코스닥 모두 강세[시황종합]"
2023-05-21,美 부채한도 협상이 최대변수...외국인 몰린 반도체 강세예고 [주간 증시 전망]
2023-05-21,[펀드와치]실적 타고 질주하는 엔터株…하반기는?
2023-05-20,[이번주 증시] 美부채한도 협상 주목…양호한 흐름 기대
2023-05-20,어쩐지 쉽더라니…美부채협상 중단 증시 냉기류 [뉴욕마감]
2023-05-19,[유럽개장]장 초반 상승세…獨 0.47%↑
2023-05-19,"자국 화폐 약세에 日 뛰고 中 내리고…닛케이, 33년만 최고 [Asia마감]"
2023-05-19,[마켓뷰] 반도체가 끌어 올린 증시…코스피 0.89% 오른 2537.79 마감
2023-05-19,"코스피, 18거래일 만에 2530선 넘어…외인 반도체株 폭풍 매수[시황종합]"
2023-05-19,"코스피, 외인 반도체 매수에 0.9%↑…2530선 회복[마감시황]"
2023-05-18,"美 부채위기 일단락…日 또 최고치, 대만도 '11개월 최고' [Asia마감]"
2023-05-18,[유럽개장] 장 초반 일제히 상승세…獨 1.63%↑
2023-05-18,"코스피, 2500선 탈환…美 부채한도협상 기대 반영[마감시황]"
2023-05-18,반도체와 자동차가 이끈 증시…코스피 2510선 회복 마감 [시황종합]
2023-05-18,"[마켓뷰] 코스피, 외국인 5000억 순매수에 2500선 회복… 반도체株 강세"
2023-05-17,[유럽개장]장 초반 혼조세…英FTSE 0.07%↓
2023-05-17,"닛케이 3만선 돌파…""피난처?"" 日증시가 잘나가는 이유 [Asia마감]"
2023-05-17,대형주 사모은 외인 덕분에 코스피 상승 마감…환율 하락 전환[시황종합]
2023-05-17,"[마켓뷰] 코스피, 외국인·기관 쌍끌이 매수에 2494.66 상승 마감"
2023-05-17,"코스피, 외인 매수에 2490선 상승 마감…코스닥 2.1%↑[마감시황]"
2023-05-16,예상보다 더딘 中 경기회복세… 상하이 홀로 0.6%↓[Asia마감]
2023-05-16,[유럽개장] 장초반 강보합…英FTSE 0.18%↑
2023-05-16,"[마켓뷰] 코스피, 외국인 순매수...2480선 턱걸이 마감"
2023-05-16,"외국인, 반도체 사고 자동차 팔고…코스피 강보합 마감 [시황종합]"
2023-05-16,"코스피, 외국인 매수에 강보합세…2480선 마감[마감시황]"
2023-05-15,[유럽개장]일제히 상승…프랑스CAC 0.38%↑
2023-05-15,엔저·당국 금융업 지원 기대에 日·中 동반 상승 [Asia마감]
2023-05-15,"[마켓뷰] 하락 출발한 코스피,  2470선 상승 마감…美·中 실물경제 지표 주목"
2023-05-15,"코스피, 인플레 우려에 하락했지만 대형주 반등…상승 마감 [시황종합]"
2023-05-15,"코스피, 기관 매수에 반등 성공…2470선 유지[마감시황]"
2023-05-14,美 부채협상 향방이 최대변수…G7정상회의 결과도 지켜봐야 [주간 증시 전망]
2023-05-14,[주간증시전망] 美 부채한도 문제 등 불확실성 커져...박스권 장세 가능성
2023-05-14,[이번주 증시] 글로벌 경계 심리에 박스권 장세 전망
2023-05-14,엔데믹 기대감에 K화장품 웃었다[펀드와치]
2023-05-13,치킨게임 치닫는 美부채협상…투심도 타들어간다 [뉴욕마감]
2023-05-12,"[마켓뷰] 코스피, 외국인·기관 ‘팔자’에 하락 마감…CFD 반대매매 공포 재점화"
2023-05-12,[Asia마감]커지는 中 'D의 공포'…상하이 1.12%↓
2023-05-12,[시황종합]美 리스크에 코스피 나흘 연속 하락…코스닥은 '하한가 해프닝'
2023-05-12,"코스피, 2470선까지 밀려…외인·기관 동반 '팔자'[마감시황]"
2023-05-12,"경기침체 우려…환율, 상승해 1330원 중반대로[외환마감]"
2023-05-11,'인플레' 걱정은 넘었는데…저쪽엔 '디플레'가? [Asia마감]
2023-05-11,[유럽개장]장 초반 상승세…佛CAC 0.95%↑
2023-05-11,"[마켓뷰] 코스피, 2400선 후퇴… 美 채무불이행 위험 부각 영향"
2023-05-11,"코스피, 美 부채한도 불안에 0.2%↓…2490선 후퇴[마감시황]"
2023-05-11,팬덤 플랫폼 '위버스' 효과 … 하이브 목표주가 상향 [빅데이터로 본 재테크]
2023-05-10,[유럽개장] 장 초반 약세…獨 0.20%↓
2023-05-10,오늘 밤을 기다리자…'주르륵' 흘러내린 아시아 증시 [Asia마감]
2023-05-10,[마켓뷰] 美 CPI 경계심에 증시 하락…코스피 2500선 내줘
2023-05-10,"美 물가지표 대기…환율, 소폭 올라 1324.8원[외환마감]"
2023-05-10,"코스피, 기관 매도에 2500선 밑으로[마감시황]"
2023-05-09,[유럽개장] 장 초반 일제히 하락세…佛 CAC 0.4% ↓
2023-05-09,어제와 반대인 오늘…일본 1%↑· 홍콩 2%↓ [Asia마감]
2023-05-09,[시황종합]코스피 소폭 하락…차별화 장세 속 '네이버·셀트리온' 강세
2023-05-09,"[마켓뷰] 코스피, 개인 ‘팔자’에 2510.06 하락 마감"
2023-05-09,"코스피, 美 CPI 앞두고 관망세에 0.13% 하락[마감시황]"
2023-05-08,[유럽개장]장 초반 상승…佛 0.18%↑
2023-05-08,"황금연휴 마친 日, 밀린 '매도'에 ↓…中 무역발표 기대감 ↑[Asia마감]"
2023-05-08,[시황종합]美 '훈풍'에 코스피 0.5% 상승…코스닥은 약세
2023-05-08,"코스피, 2510선 안착…외인·기관 동반 '사자'[마감시황]"
2023-05-08,환율 1321원으로 사흘째 하락…외국인 증시 순매수[외환마감]
2023-12-31, 새해 주식시장에 거는 기대[강남시선]
2023-12-31,'4번째 통신사' 3곳 도전장…3사 독과점 완화될까
2023-12-31,내년부터 둘째 낳으면 300만 원…6+6 육아 휴직제 도입
2023-12-31,BTS 공백에도 선방한 하이브
2023-12-31,혼돈의 채권시장… 새해 벽두부터 우량채 쏟아진다
2023-12-30,외식비 무서워 집으로…마트의 승부수는 즉석요리
2023-12-30,"""무인 아이스크림 가게, 사실상 편의점"" 동네 분쟁 끝나나"
2023-12-30,"""대한민국 감사합니다""…납치 17일 만에 풀려난 대우건설 직원들"
2023-12-30,'삼성·SK하닉'과 내년 주도할 코스닥사는?
2023-12-30,20년 만의 기회… AI 열풍에 나스닥 올해 43% 급등
2023-12-29,"에버코어 마크 마하니, 내년 탑픽으로 익스피디아 제시"
2023-12-29,"FLJ 그룹, 알파마인드 인수 종료 후 주가 급등"
2023-12-29,"JD닷컴, 알리바바 상대 독점금지 소송 승소"
2023-12-29,올해 134% 뛴 ‘이 종목’… “오히려 지금이 기회” 더 오른다는데
2023-12-29,'똘똘한 한 대'가 살렸다…중견 완성차 업체 미소 지은 한 해
2023-12-28,"태영건설 '성수동 오피스 개발' PF대출, 내년 3월 만기"
2023-12-28,"中 샤오미, 첫 전기차 공개...""포르쉐·테슬라 능가"""
2023-12-28,UT·타다 등 경쟁 가맹택시에 '콜 차단'한 카카오 처벌받는다
2023-12-28,‘2218→2667→2277→2655’ 롤러코스터 코스피…막판 ‘공매도 금지’ 통했나 [투자360]
2023-12-28, 태영건설 워크아웃 파장…중소 건설사·제2금융권도 위험[뉴스추적]
2023-12-27,'태영건설은 시작일뿐'…내년 시장 흔들 '부동산 PF'
2023-12-27,아이 낳으면 9억 이하 집 살 때 저금리로 5억 대출
2023-12-27,이름 어려워도 돈 벌어주면 효자…미국서 투자열풍 분다는 ‘이것’
2023-12-27,`120조 시장` ETF 수익률 격차↑
2023-12-27,"태영건설, 주가 20% 급락 `한지붕 식구` SBS는 10% ↑"
2023-12-26,"아메리칸 일렉트릭 파워-PNM리소시즈, 합작 투자 지분 엑서스에 매각"
2023-12-26,노인대국서 돈 냄새 맡았나…일본 실버케어에 8200억 투자한 큰 손
2023-12-26,"AZ, 중국 세포치료제약사 1조6000억에 인수"
2023-12-26,'노 저팬' 옛말…'엔저 ·하이브리드'로 일본 차 부활
2023-12-26,금리인하 기대감에 '빚투' 17조 넘어…코인까지 번졌다
2023-12-25,"모간스탠리 ""내년 음식 배달·광고 분야 주식 기회"""
2023-12-25,"영국 억만장자, 맨체스터 유나이티드 지분 25% 인수 계약"
2023-12-25,"日 자동차 업계, 태국에 5년간 43억 달러 투자"
2023-12-25,"토요타 다이하츠, 생산 중단으로 400여개 공급업체에 보상"
2023-12-25,한달새 수익률 19% 점프…‘이 상품’ 금리인하 수혜 이제 시작이라고?
2023-12-24,MZ고객 잡기 나선 백화점… 매출 신기록 돌파
2023-12-24,올해 서울 분양가 10억 원 넘어…청약수요 몰리며 합격선 53점
2023-12-24,제약·바이오도 연말랠리 가세… 내년에도 웃을까
2023-12-24,美 IRA 세액공제 수혜 기대에… 다시 볕드는 태양광주
2023-12-24,"""대박 기회 놓칠 판"" 다급해진 개미들…테마주에 '빚투'"
2023-12-23,"강추위 속 얼어붙은 아파트 매수심리…""2차 조정기 진입"""
2023-12-23,"""유명 연예인이 죽었다고?""…가짜뉴스 무차별 유포에 손 놓은 유튜브"
2023-12-23," 2023년 마지막 거래주간…NH證 ""코스피 2530~2650 전망""[다음주 증시전망]"
2023-12-23,'韓 떠나는 트위치' 네이버 도전장에도…투자자들 아프리카TV에 몰렸다
2023-12-23,"""차 사려다 1억 넣었는데 반토막""…'지옥행' 개미들 '절규' [박의명의 불개미 구조대]"
2023-12-22,파월 선호한 물가지표 또 내렸다…3월 인하 전망 70% 돌파
2023-12-22,"캐나다 왕립은행, HSBC 캐나다 법인 102억 달러에 매입"
2023-12-22,"월가 ""워너브라더스 디스커버리, 파라마운트와 합병은 '상황악화' 될 것"""
2023-12-22,"금감원, '밧데리아저씨' 자택 압수수색…미공개 정보 이용 혐의"
2023-12-22,"금감원, ‘밧데리 아저씨’ 자택 압수수색… 미공개 정보로 부당 이득"
2023-12-21,"이태원동 크라운호텔, 서울시 디자인 통과될까…22일경 발표"
2023-12-21,주식양도세 기준 대폭 상향…신혼부부 3억 비과세 증여
2023-12-21,"자영업자 낸 이자 돌려준다는데…""성과급·퇴직금 잔치보다 못해"""
2023-12-21,"3년 연장 마일리지 올해 말 소멸…""열흘 남았는데 쓸 데 없어"""
2023-12-21,1.3조 유증 LG디스플레이…신용도 방어 ‘안간힘’[마켓인]
2023-12-20,“불장 구경만 하는 한국주식 왜 해요”…‘투자이민’ 떠나는 개미들
2023-12-20,좋은 건 다 넣었다는 ‘이 상품’…수익률 90%라는데 어떤 종목 담았나
2023-12-20,9년째 단독주택 공시가 1위 '그집'…변동폭은 역대 최저
2023-12-20,"시속 30km 충돌에도 차체 변형…""소형 트럭 사망률 승용차 5배 이상"""
2023-12-20,"반토막 난 CJ 주가, 올리브영이 살렸다… ""주가 30% 상승 여력 있어"""
2023-12-19,“배당으로 월급받자”던 서학개미 다 물렸네…이제 좀 풀린다는데
2023-12-19,"조희경 “조현범, 회사 가치 훼손한 경영자…지배구조 문제 심각”"
2023-12-19,다올證 2대 주주 “이병철 회장 보수 삭감하라” 주주서한 발송
2023-12-19,"“회장 연봉 삭감하라”…다올투자증권 2대주주, 주주서한 발송"
2023-12-19,"""회장 보수 깎고, 유상증자해야""…다올증권 2대주주, 주주서한 발송"
2023-12-18,"산은, 한달 격론끝 하림 선정 … 기업결합 심사 통과는 과제"
2023-12-18,장녀도 가세한 '형제의 난' 한국앤컴퍼니 주가 '급등'
2023-12-18,보험사 사상 최대 실적인데…실손보험료 내년에 또 오른다
2023-12-18,대주주 기준 50억 원으로 올려…주식 양도세 완화 곧 발표
2023-12-18,HMM 인수전…우선협상대상자 선정 늦어진 이유는[M&A막전막후]
2023-11-19,미국·일본 제치고 ‘수익률 1위’…내년이 더 기대된다는 ‘이 상품’
2023-11-19,마천루 옥상에 농장…'도심형 스마트팜' 선보여
2023-11-19,"""일본·동남아 가요"" 10월 여행객 742만 명 최다"
2023-11-19,"""화성 가겠다"" 머스크 스타십 2차 발사 실패…""배움의 기회"""
2023-11-19,"""韓 성장률 5% 달성하려면 '매출 1000억달러' 기업 5곳 나와야"""
2023-11-18,재활용 안 되는 LFP 배터리에 똑같은 보조금…친환경 보조금 맞나?
2023-11-18,"'거래 뚝, 매물 쑥'…부동산시장 한파주의보"
2023-11-18,"상장하는 순간 상폐가 확정된 종목…그래도 돈이 몰린다 [대체, 투자란]"
2023-11-18,돌반지 한 돈에 40만원 '역대 최고가'…진짜 '금값' 된 금
2023-11-18,연말되면 반복되는 ‘큰손’개미 물량 털기…공매도 다음은 주식양도세?
2023-11-17,"알리바바, 클라우드 부문 분사 계획 취소…주가 급락"
2023-11-17,"영국, 10월 소매판매 감소…예상치 하회"
2023-11-17,"그랩, 3분기 조정수익 2900만 달러…""내년 무료 현금흐름 목표"""
2023-11-17,"볼보자동차, 최대주주 지리 지분축소에 주가 급락"
2023-11-17,"NH·다올·교보증권, 효성중공업 1400억원 손배소서 승소"
2023-11-16,“공매도에 개미만 피눈물”…기관·외국인도 거래조건 ‘똑같이’
2023-11-16,"""우리가 거품주라니""…한미반도체, '배터리 아저씨' 고소"
2023-11-16,'공매도 운동장' 평평해졌지만…개미들 손실늪 빠질 가능성 커져
2023-11-16,바이온②새 최대주주 씨티엠은 누구[기로의상장사]
2023-11-16,개인·기관 공매도 담보비율·상환기간 통일한다
2023-11-15, 노후 대비에 좋은 월배당 ETF[투자의 창]
2023-11-15,"""차입금 불어난 SK, 고금리에 리스크 부각"""
2023-11-15,"""난 비싸도 편의점에서 산다"" 가격보다 경험"
2023-11-15,은행권 횡재세 논의에 당혹…자업자득 비판도
2023-11-15,"구리·용인·오산 등 5곳에 8만 호 더 짓는다…""수요 흡수하기엔 멀어"""
2023-11-14,미 인플레 더 꺾였다…'긴축 종료' 기대에 국채금리 급락
2023-11-14,"AI 손잡은 솔트룩스-NHN, 인공지능 산업 지각변동 예고"
2023-11-14,YG “블랙핑크 재계약 협상 진행 중… 곧 공시”
2023-11-14,"제철 맞았는데 ""비싸서 못 먹어"" 겨울딸기 가격 두배로 껑충"
2023-11-14,"""기울어진 운동장"" 다시 못 박은 대통령, 차별조항 뭐기에[뉴스추적]"
2023-11-13,장제원 “정치인생 연장하며 서울 안가”…‘험지 출마’ 요구에 선그어
2023-11-13,"“오늘의 경주마는”…이유없이 1200% 급등락, 도박이야 코인이야"
2023-11-13,"""부동산 시장, 하락기 지났다…한국 오피스·물류센터 투자 기회"""
2023-11-13,"현대차 전기차 전용 공장 첫삽…정의선 ""앞으로 50년 새로운 시작"""
2023-11-13,점심 1만 원 아래는 4가지 메뉴뿐…'런치플레이션'에 한숨
2023-11-12," 동국제강, 지주사 전환 마무리 단계…신사업 진출로 성장가도[스타즈IR]"
2023-11-12," 내일도 추워요, 출근길 영하권…수능일 전국 비[날씨]"
2023-11-12,소비자가 찾지 않은 금융자산 18조…'깜박한 내 돈' 찾는 법
2023-11-12,"""지하철 안 탈 수도 없고""…대중교통 요금 상승률 16년 만에 최고"
2023-11-12,공매도 '8개월 전면 금지' 기간 돈 버는 투자전략
2023-11-11, 공매도 막으면 개미가 여당에 몰표 줄까요[선데이 머니카페]
2023-11-11,내년 서울 1만 가구 턱걸이 '입주 절벽' 온다…전세 비상
2023-11-11,'역대 최다' 코리아세일페스타 개막…얼어붙은 지갑 열릴까
2023-11-11,"추경호 ""상속세 건드릴 때 됐다""…상속세 개편 방향은"
2023-11-11,"“이제 오를 때가 됐는데”…길어지는 ‘엔저’ 굴하지 않은 일학개미, 왜?"
2023-11-10,"대구백화점, 지분매각 실사 개시…“확정된 사항은 없어”"
2023-11-10,비트코인 3차 대폭발 오나?…5000만원 돌파에 ‘이 종목들’ 급등
2023-11-10,"노보노디스크, 생산 시설 건설에 60억 달러 투자"
2023-11-10,"볼보, 프로테라로부터 배터리 사업부 2억 1천만 달러에 인수"
2023-11-10,"까르띠에 오너 리치몬트 ""경제 우려 커져 성장세 둔화할 듯"""
2023-11-09,대세 된 분기배당…현대차보다 더 챙겨주는 ‘혜자기업’ 있다는데
2023-11-09,돌아온 '빵 서기관'…가공식품까지 담당자 정해 집중 관리
2023-11-09,끝모를 '엔저'에 엔 모으기 열풍…예금 잔액 10조 원 육박
2023-11-09,"[단독]공매도 금지발 외인이탈?…메릴린치, 韓 주식시장 ‘엑시트’"
2023-11-09,"“조코위에 실망”… 아들 무리한 등판 독 됐나, 정당부터 가족까지 ‘역풍’"
2023-11-08,공매도 금지에 단타로 '헤쳐모여'…시총 회전율 2배 급등
2023-11-08,투자자예탁금 40조원대 못 벗어나…고금리에 발목잡힌 개미들
2023-11-08,"'데이비드 치퍼필드' 참여한 이태원동 크라운호텔 설계안, 서울시 통과할까"
2023-11-08,"개미는 “오른다” 외국인은 “떨어진다”…엇갈린 베팅, 승자는"
2023-11-08,"노소영 측 ""아트센터 퇴거? 이혼한다고 이렇게까지 하나"""
2023-11-07,“하루만에 천국→지옥 실화냐”…공매도 금지 ‘반짝효과’ 벌써 끝?
2023-11-07,"""불법 이득 끝까지 환수""… 與, 공매도 후속조치 속도낸다"
2023-11-07,“너무 올라” 하루만에 “너무 떨어져”…韓증시 이틀째 ‘비상 멈춤’
2023-11-07,"'고평가 논란' 에코프로머티리얼즈, 공모가 최하단 3만6200원 확정"
2023-11-07,공매도 금지 약발 일일천하... 전날 상승분 절반 가까이 토해내
2023-11-06,"'서울역 북부역세권 개발' 내년 첫 삽…7400억 브릿지론, 내년 10월 만기"
2023-11-06, 불확실성 속에서 찾는 기회[투자의 창]
2023-11-06,공매도에 눌렸던 종목들 날았다 … 반등장 지속될지는 미지수
2023-11-06,“공매도 금지로 선진지수 편입 물 건너갔다” 비판에 금융위원장 대답은
2023-11-06,'공매도 금지 효과' 빨아들인 2차전지주... '산타 랠리' 기대
2023-08-13,美 인플레 우려… 박스권 전망 [주간 증시 전망]
2023-08-13,인플레 우려에 당분간 박스권...테마주 장세 지속 [주간증시전망]
2023-08-13,'금리 방향·中 지표' 주목하며 '박스권' 지속[주간증시전망]
2023-08-13,[이번주 증시] '첨단기술' 놓고 미-중 갈등 재점화…증시 상단 제약
2023-08-13,"[펀드와치]""中 관광 돌아온다""…화장품·여행주 수익률 상위권"
2023-08-12,끝나지 않는 전쟁…美도매물가 압력증가에 연준은 [뉴욕마감]
2023-08-11,[유럽개장]장 초반 하락세…英 0.78%↓
2023-08-11,'제2의 헝다 사태' 불안감에…中 상하이 2.01% 급락 [Asia마감]
2023-08-11,"""달러 매수 심리 강해""…장중 환율 1325원, 두 달래 최고[외환마감]"
2023-08-11,"[마켓뷰] 코스피지수, 외국인·기관 매도에 2500선으로 후퇴"
2023-08-11,"코스피, 中 리스크에 하락마감…환율도 급등[시황종합]"
2023-08-10,"""美자금 필요 없다""…中 투자 금지에도 상하이, 0.31%↑[Asia마감]"
2023-08-10,[유럽개장]장 초반 상승세…佛 CAC 1.08%↑
2023-08-10,"코스피, 외인·기관 동반 매도에 2600선 하락 마감…미 CPI 경계[마감시황]"
2023-08-10,[마켓뷰] 하루 만에 꺾인 코스피… 中 단체관광 허용 소식에 관련주 상한가
2023-08-10,"""네이버 담아볼까""… 한국어 특화 AI로 경쟁력 UP [빅데이터로 본 재테크]"
2023-08-09,"무디스 강등·中 디플레 공포에 흔들…상하이, 0.49%↓[Asia마감]"
2023-08-09,"코스피, 외인 매수에 6일만에 반등…三電·배터리 강세[시황종합]"
2023-08-09,"[마켓뷰] 대형주 강세에 증시 반등… 코스피, 1.21% 상승"
2023-08-09,美 물가 경계감·달러매수 진정…환율 1315.7원 보합[외환마감]
2023-08-09,"코스피, 외국인 순매수에 1.2% 상승…2600선 회복[마감시황]"
2023-08-08,[유럽개장] 장 초반 일제히 하락세 獨 0.37% ↓
2023-08-08,中 7월 무역 충격에 중화권 '와르르'…홍콩 1.9%대 하락 [Asia마감]
2023-08-08,"[마켓뷰] 코스피, 5거래일 연속 하락 마감… 초전도체株 광풍 마무리"
2023-08-08,"""벌써 5일째"" 코스피, 中 리스크에 연일 약세…코스닥도 주춤[시황종합]"
2023-08-08,"코스피, 2570선 장 종료…5거래일 연속 하락[마감시황]"
2023-08-07,미·중 관계 또 나빠질라…中상하이 0.59%↓[Asia마감]
2023-08-07,"코스피, 기관 매도에 2600선↓…코스닥 2차전지주 급락 900선 붕괴[마감시황]"
2023-08-07,美 물가 지표 대기 속 막판 매수…환율 이틀째 1300원대[외환마감]
2023-08-07,2차전지株 하락에 힘 못쓰는 증시…코스피 나흘 연속 하락[시황종합]
2023-08-07,"[마켓뷰]코스피, 기관 매도...2580선 하락 마감"
2023-08-06,[이번주 증시] 美 금리상승 요인 부각…박스권 장세 전망
2023-08-06,국내 테마주發 급등락 주의보 美 7월 물가지표 결과도 변수[주간 증시 전망]
2023-08-06,"요즘 날씨 같은 코스피...""변덕 심한 박스권"" [주간증시전망]"
2023-08-06,포스트 '2차전지' 주도권 싸움에…코스닥 웃었다[펀드와치]
2023-08-06,수급따라 휘청…韓증시 '쿨링'과 '히팅' 사이[주간증시전망]
2023-08-05,"""파월은 이제 금리 못올려"" 美채권價 급등 전일만회 [뉴욕마감]"
2023-08-04,[유럽개장]장 초반 상승세…佛CAC 0.46%↑
2023-08-04,"[마켓뷰] 외국인·기관 매도... 코스피, 2600선 약보합 마감"
2023-08-04,"""부양책 또 나오겠지""… 中상하이, 장중 3300선 돌파 [Asia마감]"
2023-08-04,"코스피, 관망세·수급 쏠림 분산에 약보합…초전도체 테마주 휘청[시황종합]"
2023-08-04,"코스피, 외인·기관 동반 매도에 소폭 하락…2600선은 지켜[마감시황]"
2023-08-03,"""추세 하락 vs 단기 조정""…美 신용 강등 '후폭풍' 이틀째 [Asia마감]"
2023-08-03,[유럽개장]장 초반 일제히 하락…英 1.46%↓
2023-08-03,"美 피치발 쇼크 여진…장중 환율, 한 달 여만에 1300원 돌파[외환마감]"
2023-08-03,"[마켓뷰] 저항 없이 오르는 초전도체주, 2차전지·바이오 강세에 코스닥도 함박웃음"
2023-08-03,코스피 내리고 코스닥 올랐다…美 신용등급 강등 여파 여전[시황종합]
2023-08-02,[유럽개장]주요국 하락세…獨 1.20%↓
2023-08-02,美 차입금↑· 신용등급↓…아시아 증시에 '나비효과'[Asia마감]
2023-08-02,"美신용 강등에 커진 불안감…환율, 1300원 턱밑까지 올라[외환마감]"
2023-08-02,[마켓뷰] 美 신용등급 강등에 코스피 2% 가까이 하락…초전도체株만 통했다
2023-08-02,美 신용등급 하향에 투심 위축…2610선 밀려난 코스피[마감시황]
2023-08-01,[유럽개장]장 초반 하락세…獨0.62%↓
2023-08-01,토요타 '어닝서프라이즈'가 밀어올린 日증시 [Asia마감]
2023-08-01,"코스피, 연중 최고점 경신 2667선 마감[마감시황]"
2023-08-01,[마켓뷰] ‘진격의 코스피’ 1% 올라 연고점 경신… 이차전지 쏠림 완화 기색도
2023-08-01,"'연중 최고점' 코스피, 2667선 마감…카카오 7% 급등[시황종합]"
2023-07-31,[유럽개장]장 초반 혼조세… 영국↓ 프랑스·독일↑
2023-07-31,"""정부가 나선다""…日·中 7월 마지막 날 안도 랠리 [Asia마감]"
2023-07-31,[마켓뷰] 이차전지株 강세에 코스피·코스닥 상승…에코프로 9% 올라
2023-07-31,'2차전지가 또'…에코프로·포스코그룹 강세에 증시 상승[시황종합]
2023-07-31,中 위안화 강세·월말 네고에 환율 1270원대 중반서 하락[외환마감]
2023-01-29,코스피 2500선 돌파 눈앞... 미국 통화정책 발표가 변수 [주간 증시 전망]
2023-01-29,"[주간증시전망]연준 '베이비스텝' 기대감에 뛴 코스피, 검증 시간 온다"
2023-01-29,[이번주 증시] FOMC 앞둔 코스피…박스권 속 외인 순매수 주목
2023-01-29,"[펀드와치]2차전지株 훨훨…""수요 우려에도 주목"""
2023-01-28,"나스닥 1% 상승, 22년만에 최고의 1월…다우는 0.1% 강보합[뉴욕마감]"
2023-01-27,美증시 훈풍에 상승…홍콩 0.3%↑[Asia마감]
2023-01-27,"[마켓뷰] 코스피, 외국인·기관 매수에 0.6% 상승한 2480선"
2023-01-27,환율 3거래일 만에 상승 전환…장중 1220원대 진입하기도[외환마감]
2023-01-27,"[마감시황]코스피, 외인·기관 동반 매수에 닷새 연속 상승"
2023-01-27,[시황종합] 코스피 0.62% 오른 2484선 마감…장중 2497선 터치
2023-01-26,[유럽개장]강보합 출발…英 0.29%↑
2023-01-26,"""中경제, 회복만 남았다""…홍콩 2%대 급등 [Asia마감]"
2023-01-26,"[마켓뷰] 코스피, 3거래일 연속 1%대 상승 마감… 외인·기관 ‘사자’"
2023-01-26,공모주 청약 스튜디오미르·삼기이브이 '시선 집중' [빅데이터로 본 재테크]
2023-01-26,[시황종합] 코스피 1.65% 상승 2468선…8주 만에 2450선 돌파
2023-01-25,[유럽개장]장 초반 혼조세…英 0.12%↑
2023-01-25,[Asia마감]日 4거래일 연속 상승
2023-01-25,"[마켓뷰] 외국인 ‘바이코리아’…코스피, 두 달 만에 2420선 회복"
2023-01-25,"[마감시황]코스피, 2420선 안착…반도체·2차전지 상승 이끌어"
2023-01-25,[시황종합] 코스피 1.39% 오른 2428선 마감…시총 상위주 상승 견인
2023-01-24,실적시즌 변동성 확대 가능성... 中 코로나·美 경제지표 주목 [주간 증시 전망]
2023-01-24,[Asia마감]설 연휴에 불어온 美훈풍…닛케이 1.46%↑
2023-01-24,[Asia오전]음력설 연휴에 홀로 문 연 日 증시…1.61%↑
2023-01-24,"올봄 금리인상 멈출까…기대감에 들뜬 시장, 나스닥 2%↑[뉴욕마감]"
2023-01-24,[주간증시전망]코로나·실적시즌…겹겹 변수에 살얼음 증시
2023-01-23,"日닛케이, 엔저·美상승에 한 달만 최고치…한국·중국 휴장 [Asia마감]"
2023-01-22,[펀드와치] 中 리오프닝 기대에 여행·화장품株 ↑
2023-01-22,[이번주 증시] 설 연휴 속 정부정책 관심↑…눈치보기 장세 전망
2023-01-22,연준 '블랙아웃' 돌입...시장은 '기업실적'에 초점 [월가시각]
2023-01-21,'넷플릭스·알파벳' 상승주도...나스닥 2.6% 'UP' [뉴욕마감]
2023-01-20,[유럽개장]장 초반 상승세...英0.32%↑
2023-01-20,"설 장기연휴 전 마지막 날, 中증시 투자자들은 '기대감' [Asia마감]"
2023-01-20,"[마켓뷰] 설 연휴 앞두고 증시 상승… 코스피, 2395.26 마감"
2023-01-20,[코스닥 마감]717.97로 상승 마감…외국인·기관 사고 개인 매도
2023-01-20,"[마감시황]연휴 앞둔 코스피, 외인 매수에 2390선 회복"
2023-01-19,[유럽개장]장 초반 하락세…英 0.48%↓
2023-01-19,[코스닥 마감]710선 지키며 강보합…의료정밀·오락문화 오름폭↑
2023-01-19,"[마켓뷰] 코스피, 외국인 ‘사자’...2380선 상승 마감"
2023-01-19,미·중 경제수장 만남이 준 기대감…상하이 0.49%↑[Asia마감]
2023-01-19,"[마감시황]코스피, 외인 순매수에 소폭 상승…2380선 회복"
2023-01-18,[코스닥 마감]하루만에 710선 회복…외국인·개인 매수
2023-01-18,[Asia마감]日 기준금리 동결에 시장 안도…닛케이 2.5%↑
2023-01-18,"[시황종합] 코스피, 기관 순매도에 0.47% 하락 2368선…이틀 연속 약세"
2023-01-18,"[마켓뷰] 코스피, 기관 매도에 2360대 하락 마감…골드만삭스 어닝쇼크에 금융株 하락"
2023-01-18,"[마감시황]'숨고르기' 코스피, 이틀 연속 약보합…2360선 후퇴"
2023-01-17,[유럽개장]장 초반 일제히 하락세…英 0.16↓
2023-01-17,"[Asia마감]'엔화 안정세' 日 오르고, '차익 실현' 中 내리고"
2023-01-17,"[마켓뷰] 10일 만에 상승 흐름 꺾인 코스피, 2379.39으로 하락 마감"
2023-01-17,"[마감시황]코스피, 10거래일 만에 하락…2370선 마감"
2023-01-17,"'BOJ 회의 경계' 환율, 1238.7원…4거래일 만에 상승 전환[외환마감]"
2023-01-16,[유럽개장] 장 초반 상승세…獨 0.25%↑
2023-01-16,[Asia마감]'엔고'가 두려운 日증시…닛케이 1.14%↓
2023-01-16,"BOJ 회의 앞두고…환율, 3거래일 연속 하락세[외환마감]"
2023-01-16,"[마켓뷰] 코스피, 2399.86으로 마감… 9거래일 연속 상승"
2023-01-16,"[시황종합] 코스피, 0.58% 오른 2399.86 마감…장중 2400 회복"
2023-04-09,美 SVB 파산후 첫 실적 발표... CPI·FOMC 의사록도 가늠자 [주간 증시 전망]
2023-04-09,美 물가·회의록·어닝시즌...코스피 잡아흔든다 [주간증시전망]
2023-04-09,"""엉덩이 무거운 삼전이…"" 외국인 순매수 이어지나[주간증시전망]"
2023-04-09,[이번주 증시] 美 3월 CPI 지수 발표…경기 방향성에 주목
2023-04-09,[펀드와치]상승장서 소외됐던 바이오株 '급등'…펀드도 들썩
2023-04-07,[마켓뷰] 반도체·배터리로 몰려간 기관·외인… 삼성전자 ‘어닝 쇼크’에도 코스피 1.3% 상승 마감
2023-04-07,[Asia마감]시진핑-마크롱 회담이 부른 기대감…일제히 강보합
2023-04-07,"반도체가 끌어올린 증시…""코스피, 밸류에이션 부담 커져""[시황종합]"
2023-04-07,"美 고용지표 경계감…환율, 하락해 1310원 중반[외환마감]"
2023-04-07,[코스닥 마감]11개월 만에 880선 탈환…“반도체 업황 기대”
2023-04-06,[유럽개장] 장 초반 상승세…英 0.5%↑
2023-04-06,美 경기침체 공포 속 中상하이 5거래일 연속 상승 [Asia마감]
2023-04-06,"""외인, 선물 2조 던져""…경기 둔화 우려에 코스피 2460선 아래로[시황종합]"
2023-04-06,"[마켓뷰] 코스피, 1.4% 넘게 급락… 외인 선물 매도 2010년 이후 최대"
2023-04-06,"[마감시황] 美 경기 침체 불안…코스피, 2450선 하락 마감"
2023-04-05,[유럽개장] 장초반 혼조세…英FTSE 0.18%↑
2023-04-05,'경기침체 우려·엔고' 日 1.68%↓…중화권 '청명절' 휴장 [Asia마감]
2023-04-05,코스피·코스닥 밀어올린 이차전지…삼성SDI 7% 상승 [시황종합]
2023-04-05,"[마감시황]코스피, 8개월 만에 2490선 탈환…""땡큐 2차전지"""
2023-04-05,"[마켓뷰] 이차전지가 이끈 증시…코스피, 8개월 만에 2490선 회복"
2023-04-04,'차이잉원·매카시 회동' G2 대립 불안감에…홍콩 0.66%↓ [Asia마감]
2023-04-04,[유럽개장]일제히 상승세…독일 DAX 0.42%↑
2023-04-04,"[마감시황]코스피, 기관 매수에 2480선 회복"
2023-04-04,코스피 개인·기관 매수에 소폭 상승…셀트리온 3형제 '강세'[시황종합]
2023-04-04,"美 제조업 부진+에너지 인플레…환율, 소폭 내려 1315.8원[외환마감]"
2023-04-03,中 경기 부진·G2 긴장 고조 우려에도…상하이 0.72%↑[Asia마감]
2023-04-03,[유럽개장]장 초반 오름세…英 FTSE 0.69%↑
2023-04-03,"반도체 약세에 코스피 하락 마감…""IRA에 이차전지 또 날았다""[시황종합]"
2023-04-03,"[마켓뷰] 코스피, 2470선 하락 마감…반도체株 내리고 이차전지株 올랐다"
2023-04-03,"[마감시황]코스피, 외인·기관 동반 매도에 소폭 하락…2470선"
2023-04-02,연준 긴축행보 불확실성 여전...국내기업 실적이 투심 가를듯 [주간 증시 전망]
2023-04-02,"[주간 증시 전망] 베일 벗는 1분기 어닝시즌, 코스피 대형주 달릴까"
2023-04-02,"[이번주 증시] 금융위기 우려 속 어닝시즌 개막, 삼전에 쏠린 눈"
2023-04-02,[펀드와치]바닥 기대감 솔솔…반도체주 강세
2023-04-01,은행 위기에도 나스닥은 1분기 14.8% 올랐다 [뉴욕마감]
2023-03-31,[유럽개장]장 초반 혼조세…獨 0.03%↓·佛 0.09%↑
2023-03-31,은행 불안 진정+경기회복 기대감… 일제히 상승 [Asia 마감]
2023-03-31,"코스피, 1% 오른 2476.86선 마감…코스닥 6거래일만에 하락[시황종합]"
2023-03-31,"저가 매수+美 물가 경계감…환율, 상승 전환해 1300원대로[외환마감]"
2023-03-31,"[마켓뷰] 코스피, 4거래일 연속 올라 2470선 마감…코스닥 숨 고르기"
2023-03-30,日 증시 숨고르기… 중화권은 일제히 상승 [Asia 마감]
2023-03-30,[마켓뷰] “테마주 활개” 코스닥 9개월 반 만에 850선 탈환
2023-03-30,"'달러패권 도전' 위안화 강세…환율, 하루 만에 1300원 밑으로[외환마감]"
2023-03-30,코스피 0.38% 오른 2453선 마감…삼성전자·하이닉스 강세[시황종합]
2023-03-30,[코스닥 마감]9개월 만에 850 회복…'개미의 힘'
2023-03-29,[유럽개장]장 초반 상승…英 0.59%↑
2023-03-29,아시아 증시를 끌어올린 '알리바바' 효과 [Asia 마감]
2023-03-29,'이차전지 훈풍'이 코스닥 밀어올렸다…코스피는 '박스권'[시황종합]
2023-03-29,"[마켓뷰] 코스피, 2443.92에 소폭 상승…코스닥은 1.25% 올라"
2023-03-29,"결제수요+엔화 약세…환율, 상승 전환해 1300원대 재진입[외환마감]"
2023-03-28,[유럽개장] 장 초반 강보합…英FTSE 0.37%↑
2023-03-28,"""은행발 악재, 일단 해소""... 방향성 찾는 증시 [Asia 마감]"
2023-03-28,"[마켓뷰] 코스피, 기관 3000억 순매수...1%대 상승해 2430선 마감"
2023-03-28,[시황종합]美 은행 리스크 완화에 증시 훈풍…은행·반도체株 강세
2023-03-28,"금융리스크 완화…환율, 3거래일 만에 내려 1300원 하회[외환마감]"
2023-03-27,[유럽개장]장 초반 상승세…英 0.48%↑
2023-03-27,[Asia마감]中 제조업 수익성 악화…중화권 일제히 하락
2023-03-27,"[마켓뷰] 코스피, 외국인 매도에 2400선 하락..LG엔솔·엘앤에프 2차전지株 강세"
2023-03-27,"SVB 인수 일단락…환율, 3거래일 만에 다시 1300원대로[외환마감]"
2023-03-27,[시황종합]은행권 '파산공포' 일단락?…코스피·코스닥 보합 마감
2023-07-30,반도체·에너지 등 실적 주목... 2차전지發 변동장 가능성도 [주간 증시 전망]
2023-07-30,[주간 증시 전망] 수급 쏠림 완화될 것...실적시즌 주목
2023-07-30,[이번주 증시] 2차전지 변동성 지속…투심 위축 우려
2023-07-30,2차전지 변동성에…실적으로 쏠리는 눈[주간증시전망]
2023-07-30,2차전지 랠리에…포스코 품은 철강 ETF 수익률 '쑥' [펀드와치]
2023-07-29,경제지표 본다는 파월…6월 PCE는 9월 금리동결 지시 [뉴욕마감]
2023-07-28,[유럽개장]장 초반 하락세…佛 0.64%↓
2023-07-28,"'YCC 정책' 깜짝 수정, 日증시 우왕좌왕…中 부양책 신호에↑ [Asia마감]"
2023-07-28,日 긴축 신호에도 달러 강세…환율 1270원 후반대서 약보합[외환마감]
2023-07-28,"[마켓뷰] 코스피, 2600선 안착… 코스닥 2차전지 반등에 3.5%↑"
2023-07-28,"""2차전지주 되살아나자"" 코스닥 3%↑…에코프로 '황제주' 복귀[시황종합]"
2023-07-27,[유럽개장]일제히 강세… 유로스톡스50 1.39%↑
2023-07-27,폭스바겐 합작 호재 샤오펑 30%대 급등…홍콩 1.5%↑[Asia마감]
2023-07-27,FOMC 이벤트 종료·저가매수 유입…환율 1270원 후반대로 상승[외환마감]
2023-07-27,"코스피, 반도체 강세에 2600선 회복…코스닥 롤러코스터[마감시황]"
2023-07-27,[마켓뷰] 코스피 2600 턱걸이 마감…곡소리 퍼지는 2차전지
2023-07-26,"[유럽개장] 유럽 증시, FOMC 앞두고 일제히 내려"
2023-07-26,"""진짜 끝일까""…美 금리인상 앞두고 소폭 하락[Asia마감]"
2023-07-26,"美 FOMC 경계 속 네고 출회…환율, 1274.5원으로 약보합[외환마감]"
2023-07-26,"'폭주기관차' 이차전지株 급제동에…'과열' 코스닥, 4%대 급락[시황종합]"
2023-07-26,"코스피, 1.67% 하락…2차전지 변동성 확대에 코스닥 4% '뚝'[마감시황]"
2023-07-25,中 경제 부양책 기대감 폭발…홍콩 4%대 급등 [Asia마감]
2023-07-25,[유럽개장] 장 초반 하락세…佛 0.2%↓
2023-07-25,"[마켓뷰] 코스피, 소폭 상승 마감…포스코 그룹주 시총 순위 올라"
2023-07-25,"외국인 증시 순매도보다 강한 위안화…환율, 1270원 중반대로 하락[외환마감]"
2023-07-25,"코스닥, 1년3개월만에 장중 945선도 돌파…코스피 2636선 마감[시황종합]"
2023-07-24,[유럽개장] 장 초반 일제히 하락…佛 0.40%↓
2023-07-24,美는 금리 올리고 日은 부양책 유지? 닛케이 1.23%↑ [Asia마감]
2023-07-24,"코스피, 2630선 턱밑 마감…배터리주 강세[마감시황]"
2023-07-24,"[마켓뷰] 코스피, 2620선 상승… 포스코그룹주 일제히 강세"
2023-07-24,"관망세 보이던 코스피, POSCO홀딩스 '시총 4위' 뛰자 반등[시황종합]"
2023-07-23,실적시즌 '옥석 가리기' 시작.. FOMC 금리결정 앞두고 관망 [주간 증시 전망]
2023-07-23,美 FOMC 0.25bp 인상 유력... 실적 시즌 ‘옥석가리기’ 중요 [주간증시전망]
2023-07-23,"[이번주 증시] 美연준, 7월 금리인상 확실시…韓관망세↑"
2023-07-23,美 ‘마지막 금리인상’ 전망…반도체·2차전지 실적 주목[주간증시전망]
2023-07-23,에코프로 2차전지株 랠리…펀드 고공행진[펀드와치]
2023-07-22,핑크공주 '바비' 뜨면 마텔 사라…다우 10연속 상승 [뉴욕마감]
2023-07-21,"""TSMC 왜 이래""…대만 0.78%↓ [Asia마감]"
2023-07-21,"[마켓뷰] 코스피, 상승 마감…2600선 회복"
2023-07-21,"美 FOMC 전 고용호조 확인…환율, 1280원대로 7거래일 만에 최고[외환마감]"
2023-07-21,"코스닥, 최고치 또 경신 940선 바짝…코스피 2609선 마감[시황종합]"
2023-07-21,[코스닥 마감]9거래일 연속 상승…2차전지 강세
2023-07-20,[유럽개장]독일·영국·프랑스 증시 일제히 강보합
2023-07-20,美 따라 반도체주 급락…日닛케이 1.23%↓[Asia마감]
2023-07-20,"상·하방 요인 혼재 속 달러 매수 우위…환율, 1269원대로 상승[외환마감]"
2023-07-20,"[마켓뷰] 코스피, 2600선 ‘턱걸이’…코스닥은 8거래일 연속 상승"
2023-07-20,"'파죽지세' 코스닥, 연중 최고치 또 경신…15개월만에 930선 돌파[시황종합]"
2023-07-19,[유럽개장]장초반 상승세…英 1.07%↑
2023-07-19,엔저·美 훈풍에 日 상승…닛케이 1.24%↑ [Asia마감]
2023-07-19,"코스피, 차익실현 매물 속 강보합…2600선 방어[마감시황]"
2023-07-19,"2차전지가 이끄는 증시…코스닥, 연중 최고치[시황종합]"
2023-07-19,"[마켓뷰] 코스피, 2600선 강보합 마감…코스닥은 7거래일 연속 올라"
2023-07-18,흔들리는 중국 경제…홍콩 2%대 급락[Asia마감]
2023-07-18,[유럽개장]장 초반 강보합…英 FTSE 0.22%↑
2023-07-18,[마켓뷰] 에코프로그룹株 급등에 코스닥 1년 4개월來 ‘최고’…에코프로 시총은 카카오도 넘었다
2023-07-18,"외인·기관 떠난 코스피 이틀째 하락…코스닥, 3개월만에 900선[시황종합]"
2023-07-18,"장중 1250원대 재진입…환율, 1260.4원 5개월여만 ‘최저’[외환마감]"
2023-07-17,기저효과도 안 먹힌 中 경제…상하이 0.87%↓ [Asia마감]
2023-07-17,[유럽개장] 장 초반 일제히 하락…佛 0.77%↓
2023-07-17,"中 GDP 하회 영향 미미…환율, 1266.6원으로 5거래일 만에 상승[외환마감]"
2023-07-17,"[마켓뷰] 코스피, 외국인·기관 ‘팔자’...2610선 소폭 하락"
2023-07-17,"코스피, '숨고르기' 5거래일만에 하락마감…2600선은 사수[시황종합]"
2023-10-08,"""어떻게 모은 돈인데""…수원 대규모 전세사기 의심에 임차인 발동동"
2023-10-08,"무슬림 무장세력, 안식일 새벽 기습…""이스라엘판 9·11 참사"""
2023-10-08,'중동 화약고' 터졌다…세계 경제 위협
2023-10-08,“이차전지주 팔자”나선 외국인…석달 새 코스피 6조 넘게 순매도
2023-10-08,"50년 전 '석유파동' 또 일어나나…""유가 단기간 요동"""
2023-10-07,서울 하늘 수놓은 화려한 불꽃…이시각 여의도 한강공원
2023-10-07,사흘 연휴에 붐비는 인천공항…상반기 외국여행 지출 60% 늘었다
2023-10-07,도로 ‘육만전자’…3분기 실적 업고 반등 할까
2023-10-07,"팔, 무장대원 침투 인질전…이스라엘 ""전쟁상황""(종합)"
2023-10-07,초전도체 이어 양자컴퓨터 관련주도 ‘컴백’[투자360]
2023-10-06,미 고용 '예상 2배' 쇼크…10년물 4.85% 돌파
2023-10-06,"퓨릿, 청약 경쟁률 1416대1...18일 코스닥 상장"
2023-10-06, 증시 불안에 참가자들도 '우울한 성적표'…신한 황재수 4주째 1위[스타워즈]
2023-10-06,美 국채시장 격랑 속으로?…고용지표 강세보다 더 큰 악재[오미주]
2023-10-06,"테슬라, 미국서 모델3·Y 가격 인하…3분기 판매 감소 여파"
2023-10-05,"뉴욕증시, 고용 보고서 앞두고 하락세로 출발"
2023-10-05,“주식·코인 손실 보상해줄게”…71억 뜯어낸 ‘MZ 사기조직’
2023-10-05,"美 국채 금리 상승세, 파국 없는 결말은 가능할까[오미주]"
2023-10-05,사업성 높아졌지만 '합격점' 미달…서울~양평고속 논란 재점화?
2023-10-05,경유부터 우유값까지 안 오른 게 없다…물가 5개월 만에 최대폭 상승
2023-10-04,"뉴욕증시, 민간 고용 둔화 속 혼조세로 출발"
2023-10-04,미국채 쇼크 얻어맞은 개미들…“수출 호재 누릴 새도 없네”
2023-10-04,미 장기채 얻어맞는 서학개미…월가 채권왕 “여기로 피난가라”
2023-10-04,"美 금리 상승, 재정적자 확대…1987년 블랙먼데이 닮은꼴[오미주]"
2023-10-04,"삼성SDI·에코프로·엘앤에프… 연휴 뒤 첫날, 이차전지 줄하락"
2023-10-03,"뉴욕증시, 국채금리 상승에 하락세로 출발"
2023-10-03,"개미 돈으로 빚 갚는 유증, 올 들어 3배 급증"
2023-10-03,빅딜 실종사건…대기업도 사모펀드도 ‘인수합병 지갑’ 닫았다
2023-10-03,"푸틴, 2030년까지 대통령 맡나…“내달 출마 선언”"
2023-10-03,“월급 빼고 다 올랐다”…물가 충격에 대통령실 비상
2023-10-02,"뉴욕증시, 셧다운 위기 해소에도 혼조세로 출발"
2023-10-02,테슬라 3분기 전기차 인도량 43만대…전분기 대비 6.7% 감소
2023-10-02,테슬라 실적 먹구름…예상 밑돈 3분기 인도량
2023-10-02,"UBS, 선노바에너지 투자의견 '매수'…주가 52.8% 상승 여력"
2023-10-02,“삼성전자 주식 돈 빼서 고금리 적금 넣을까요”…‘9만전자’ 희망고문? 현실? [투자360]
2023-10-01,대만·베트남 현지 진출 '붐'…유통업계 한국 넘어 해외로 가야 '산다'
2023-10-01,"중국 부동산 부양책 불구 투자자들 ""부동산 투자 더 줄인다"""
2023-10-01,"""더 오르기 전에"" 청약 '불장' 이어진다…집값 자극하나"
2023-10-01,100만원 받으면 15만원 떼간다…세금 아끼는 배당 투자법은
2023-10-01,"""韓제약에 역사적 사건""…한올바이오파마 '신약 기술'로 高高?[종목현미경]"
2023-09-30,"""고향 못가는 우리는 한국 전통 문화로 향수병 달래요"""
2023-09-30,3분기도 흑자 1·2위는 현대·기아차…적자 1등은 어디?
2023-09-30,"""내일부터 우윳값 올라요""…'고물가' 연휴 끝나고 더 걱정"
2023-09-30,추석 당일 신한카드·서울페이 먹통…4시간 만에 복구
2023-09-30,"한미일 ""북한 비핵화 조치 촉구""…김영호 ""북러 무기거래 평화 위협"""
2023-09-29,"뉴욕증시, 연준 선호 물가 예상치 하회에 상승 출발"
2023-09-29,"뉴욕증시, 연준 선호 물가 예상치 하회에 상승 출발"
2023-09-29,"캐세이퍼시픽, 에어버스 항공기 32대 46억6천만 달러에 구매"
2023-09-29,"크레디트스위스, 지난1년간 인력 13% 해고"
2023-09-29,유로존 9월 인플레 4.3%…23개월래 최저
2023-09-28,中 경기침체 장기화…골든위크 집에서 보낸다
2023-09-28,두산로보틱스 ‘따따블’ 가면 자사주 산 직원도 1인당 6억 ‘초대박’
2023-09-28,투자 대세 ETF…깜빡하면 낭패
2023-09-28,"도이치방크, 제너럴일레트릭 매수 의견…목표가 141달러"
2023-09-28,"中 동방항공, C919 항공기 100대 구매…역대 최대 규모"
2023-09-27,틱톡 때리니 20% 올랐다…인니 정부 규제방안 공개
2023-09-27,"미 쇼핑몰, 잇단 약탈에 몸살…타겟, 9개 매장 추가 폐쇄"
2023-09-27,`매파` 닐 카시카리 “충분히 금리 인상했는지 확신할 수 없어”
2023-09-27,"AMC, 올해 80% 급락했는데…“40% 더 빠져야” (영상)"
2023-09-27,"예탁원, 오뚜기, 파두 등 45개사 1억주 내달 보호 예수 해제"
2023-09-26,"뉴욕증시, 국채금리 우려 속에 하락 출발"
2023-09-26,“긁어보기 전엔 몰랐는데”…대유플러스 채권 배팅한 개미 어쩌나
2023-09-26,"""美 기준금리 연 7% 갈 수도""…다이먼 회장의 경고"
2023-09-26,중국인도 미국인도 “나이키 안 사”…목표주가도 3분의 1 ‘증발’
2023-09-26,"""녹록지 않은 시장 상황""…잠실 타워730 공개매각 철회"
2023-09-25,"뉴욕증시, 9월의 마지막 주 하락 출발"
2023-09-25, 채권 시장의 구조적 변화[투자의 창]
2023-09-25,"法, CJ CGV 신주 인수 제동..감정보고서 객관성 부족"
2023-09-25,3억불 베팅했는데 사는 종목마다 하락…마이너스의 손 언제까지[서학픽]
2023-09-25,"CJ의 CGV 신주 인수 제동…법원 ""감정보고서 객관성 부족"""
2023-02-12,美 1월 물가 상승률 최대변수... 완화폭 크지 않을땐 악재될듯 [주간 증시 전망]
2023-02-12,[이번주 증시] 美 CPI 결과 주목…증시 기대감↑
2023-02-12,[펀드와치]AI·2차전지株 웃자 코스닥 레버리지 '쑥'
2023-02-12,[주간증시전망]美 CPI 발표 앞둔 코스피…2500선 뚫을까
2023-02-11,화요일 CPI가 인플레 방향타…두고보자는 관망세 [뉴욕마감]
2023-02-10,[유럽개장]장 초반 하락세…英 0.27%↓
2023-02-10,[Asia마감]엔화 약세에 홀로 웃은 日증시
2023-02-10,'6거래일 연속 상승' 환율…1260원대 중반 지지[외환마감]
2023-02-10,"[시황종합] 코스피, 0.48% 하락한 2469선 마감…에스엠·하이브 '희비'"
2023-02-10,[코스닥 마감]외국인·기관 쌍끌이 '매도폭탄'…780선 붕괴
2023-02-09,[유럽개장]장 초반 상승세…英 0.48%↑
2023-02-09,'코로나 진정+경제회복 낙관' 中·홍콩 1%대↑ [Asia마감]
2023-02-09,"[마켓뷰] 코스피, 2480선 마감… 이차전지株 강세"
2023-02-09,"환율, 소폭 올라 1260원대 지지…5거래일째 상승세[외환마감]"
2023-02-09,"[시황종합] 코스피, 옵션만기일 변동성 속 약보합 마감…2차전지주 강세"
2023-02-08,[유럽개장]장 초반 상승세…英 0.63%↑
2023-02-08,"美는 좋았는데…'갈등'에 中투심 위축, 日도 실적 영향 하락 [Asia마감]"
2023-02-08,"[마감시황]땡큐 파월 ""디스인플레 시작""…코스피 랠리"
2023-02-08,[시황종합]'外人 6000억 사자' 코스피 1.3% 상승…네이버 5% 껑충
2023-02-08,[코스닥 마감]외인·기관 매수세 전환에 상승…780선 목전
2023-02-07,[유럽증시]장 초반 혼조세…英 0.47%↑
2023-02-07,AI챗봇 열풍이 '정찰풍선' 악재도 삭제…中·홍콩증시↑ [Asia마감]
2023-02-07,[마켓뷰] 하루 만에 반등한 증시… 소폭 올라 2450선 회복
2023-02-07,"[마감시황]코스피, 2차전지·반도체 강세에 2450선 회복"
2023-02-07,"[시황종합] 코스피, 0.55% 오른 2451선 마감…외인 '2차전지·반도체' 매수"
2023-02-06,[유럽개장] 장초반 약보합…獨 DAX 0.72%↓
2023-02-06,[Asia마감]흔들린 美 긴축 완화 기대감…홍콩 2%대 급락
2023-02-06,[코스닥 마감]외인·기관 '매도 폭탄'…760선 아슬아슬 유지
2023-02-06,"환율, 23원 '껑충'…한달 만에 1250원대로 올라[외환마감]"
2023-02-06,"[마켓뷰] 코스피, 1.7% 하락… 금융시장 변동성 재확대"
2023-02-05,"美긴축 마무리 움직임 훈풍, 기업 실적전망 하향은 변수 [주간 증시 전망]"
2023-02-05,아우가 형보다 낫네...코스닥 상승베팅 ETF 훨훨[펀드와치]
2023-02-05,"[이번주 증시] FOMC에 안도한 증시, 상승세 이어질까"
2023-02-05,"[주간증시전망]코스피 다시 2500선 고지전, 저항선 뚫을까"
2023-02-04,미국만 웃는 실업률은 금리인상 명분…쉬어갈 시간[뉴욕마감]
2023-02-03,"[마감시황]코스피, 외국인 순매수에 0.5% 상승 마감"
2023-02-03,빅테크 가라앉고 외국인마저 이탈하자…中 0.68%↓ [Asia마감]
2023-02-03,"[마켓뷰] 코스피, 외국인 ‘사자’에 2480선 상승 마감…네이버·카카오 급등"
2023-02-03,"'강달러' 환율, 3거래일 만에 상승…장중 1230원대 진입도[외환마감]"
2023-02-03,[코스닥 마감]개인·외인 '사자'에 상승 마감…760선
2023-02-02,'비둘기' 된 파월? 美FOMC 결과에 안도…홍콩은 하락 [Asia마감]
2023-02-02,[유럽개장]상승 출발…獨 DAX지수 0.59%↑
2023-02-02,[마켓뷰] 파월 “물가 둔화 시작”… 코스피·코스닥 나란히 상승 마감
2023-02-02,"환율, 9개월래 최저…장중 1210원대 진입하기도[외환마감]"
2023-02-02,2차전지 연초 랠리 … 공개매수 '오스템'도 관심집중 [빅데이터로 본 재테크]
2023-02-01,[유럽개장]장 초반 강보합… 유로스톡스50 0.26%↑
2023-02-01,"[마켓뷰] 코스피, FOMC 앞두고 1% 넘게 상승...반도체株 강세"
2023-02-01,FOMC 발표 앞 中증시로 몰린 외국인…상하이 0.90%↑[Asia마감]
2023-02-01,"[코스닥 마감]외국인·기관 ‘사자’ 행보…코스닥, 750선 안착"
2023-02-01,"[마감시황]코스피, 美 금리인상 속도 조절 기대에 1% 상승"
2023-01-31,[유럽개장]장 초반 하락세…獨 0.42% ↓
2023-01-31,"中 경기확장에도 차익실현에 흔들…상하이, 0.42%↓[Asia마감]"
2023-01-31,"[마감시황]美 FOMC 경계 속 혼조세…코스피, 2420선 후퇴"
2023-01-31,"[마켓뷰] 코스피, 삼성전자 여파에 1%대 하락…이틀째 약세"
2023-01-31,'외인매도' 전환에 환율 1230원대로…하루 만에 상승 전환[외환마감]
2023-01-30,[유럽개장]장 초반 하락세…獨 0.46% ↓
2023-01-30,중국 소비 회복 기대감…대만 3.7%↑[Asia마감]
2023-01-30,"[마켓뷰] 코스피, 1.3% 하락… 기관 매도에 2450선 턱걸이"
2023-01-30,"[마감시황]코스피, FOMC 앞두고 차익실현 매물…1.4% 하락"
2023-01-30,[시황종합] 三電·네이버 '휘청' …코스피 1.35% 밀린 2450선
2023-01-15,美 물가 안도·FOMC 경고 혼재... 방향성 없는 박스권 장세 지속 [주간 증시 전망]
2023-01-15,"[이번주 증시] 실적 발표 앞둔 코스피, 개별 테마·종목 장세 전망"
2023-01-15,"[펀드와치]날아오른 2차전지株…""불확실성 요인 유의"""
2023-01-15,[주간증시전망]美 FOMC 앞두고 경계감↑…방향성 없는 종목장세
2023-01-15,"""약한 경기침체 온다...기업실적 얼마나 나빠질까"" [월가시각]"
2023-01-14,"""약한 침체는 괜찮다"" 투자심리 호전...美증시 'UP'[뉴욕마감]"
2023-01-14,JP모건 “침체가 중심전망”…나스닥 하락 출발 [데일리 국제금융시장]
2023-01-13,[유럽개장]장 초반 상승세…英 0.39%↑
2023-01-13,"[마켓뷰] 美 인플레이션 둔화에 안도… 코스피, 2380선 상승 마감"
2023-01-13,[Asia마감] 엔고에 발목잡힌 日증시…닛케이 1.25%↓
2023-01-13,"[마감시황]코스피, 美 물가 상승 둔화에 상승…2380선 마감"
2023-01-13,"[시황종합] 코스피, 물가 안정 기대감에 한달 만에 2386선 회복"
2023-01-12,[유럽개장]장 초반 일제히 상승세…프랑스 0.42%↑
2023-01-12,美 CPI 앞두고 관망세…日·中 강보합 [Asia마감]
2023-01-12,"[마켓뷰] 코스피, 7거래일 연속 상승해 2360선 마감"
2023-01-12,"'美 물가지표 대기'…환율, 1240원 중반대 약보합[외환마감]"
2023-01-12,"[시황종합] 코스피,'CPI 발표 기대감'에 외인 순매수 속 0.24% 오른 2365선 마감"
2023-01-11,"美 물가지표 경계에 1240원중반대 탐색…환율, 이틀째 상승세[외환마감]"
2023-01-11,中 '비자중단' 보복에 사라진 투심…상하이 0.24%↓[Asia마감]
2023-01-11,"[마켓뷰] 코스피, 기관·외인 매수세에 2350선 상승 마감…리오프닝株 반등"
2023-01-11,"[마감시황]美 CPI 발표 앞두고 경계…코스피, 2350선 마감"
2023-01-11,"[시황종합]코스피, '인플레 완화 기대감'에 0.35% 상승한 2359선 마감"
2023-01-10,[유럽개장]장 초반 일제히 하락세…영국 0.23% ↓
2023-01-10,日 오르고 中 내리고…엇갈린 흐름 [Asia마감]
2023-01-10,"[마감시황]코스피, 파월 의장 연설 앞두고 보합권 마감"
2023-01-10,"중국發 악재 터지며 위험 선호심리 약화…환율, 4일 만에 상승[외환마감]"
2023-01-10,"[시황종합] 코스피,'경계심리 유입'에 0.05% 오른 2351선 마감"
2023-01-09,[유럽개장]장 초반 일제히 상승세…獨 0.28%↑
2023-01-09,中 인터넷 기업 봄날 오나…홍콩 2% 가까이 급등 [Asia마감]
2023-01-09,[마켓뷰] 코스피 2.6% 상승…2350선 마감
2023-01-09,"[마감시황]코스피, 외인·기관 동반 매수에 2%대 상승…2350선 마감"
2023-01-09,"누그러든 美 긴축 공포…환율, 9개월 만에 1240원대 진입[외환마감]"
2023-01-08,배당락 이전 수준 회복 기대감... 기업들 실적 결과가 최대 변수 [주간 증시 전망]
2023-01-08,[이번주 증시] 계속된 박스권 속 관심 섹터는?
2023-01-08,"""배당 늘려라"" 기대감에 은행주 훨훨 [펀드와치]"
2023-01-08,"[주간증시전망]막 오른 어닝시즌…""박스권 개별株 대응"""
2023-01-08,"""이번주 증시, 인플레 뉴스에 좌우...변동성 클 듯"" [월가시각]"
2023-01-07,"""드디어 금리인상 약발"" 기대감에 美증시 2% 'UP' [뉴욕마감]"
2023-01-07,고용시장 뜨겁지만 임금 상승세는 둔화…다우 2.13%↑[데일리 국제금융시장]
2023-01-06,[유럽개장] 장 초반 일제히 상승세… 영국 0.32%↑
2023-01-06,"美 12월 고용지표 발표 앞두고…홍콩, 홀로 하락 [Asia마감]"
2023-01-06,"[마켓뷰] 코스피, 1% 넘게 오른 2280선 마감… 3거래일 연속 상승"
2023-01-06,"美 고용지표 대기 속 코스피 1%대 상승…환율, 2거래일 연속 1260원대[외환마감]"
2023-01-06,"[마감시황]코스피, 기관·외인 매수에 2300선 목전서 마감"
2023-01-05,[유럽개장] 장 초반 혼조세…英 0.47%↑
2023-01-05,"국경개방 D-4, 당국은 부양 의지…中증시 1%대↑ [Asia마감]"
2023-01-05,"[마켓뷰] 코스피, 외인 ‘사자’에 상승… 코스닥은 680선 깨져"
2023-01-05,"중국발 호재에 달러 강세 막혀…환율, 올해 첫 1260원대[외환마감]"
2023-01-05,"[마감시황]코스피, 외국인 '사자'에 이틀 연속 상승…2260선 마감"
2023-01-04,[유럽증시] 獨 물가 우려 완화 '강세'
2023-01-04,中 눈밖에 났던 앤트그룹 상장하나…홍콩증시 3% 랠리 [Asia마감]
2023-01-04,"[마켓뷰] 코스피, 외국인 순매수에 상승... 2250선 회복"
2023-01-04,"[마감시황]코스피, 닷새 만에 2250선 반등…삼성전자 4% 넘게 급등(종합)"
2023-01-04,위안화 강세·네고·외국인 순매수…환율 1271원선에서 강보합[외환마감]
2023-01-03,[유럽개장]장 초반 상승세…英 1.75%↑
2023-01-03,"""코로나 정점 조짐""…中, 새해 첫 거래일 장중 반등 [Asia마감]"
2023-01-03,"[마켓뷰] 코스피, 2210선 하락 마감…장중 두 달 만에 2200선 붕괴"
2023-01-03,"[시황종합]""1월악몽 떠올라""…코스피, 4일 연속 하락마감 2218선"
2023-01-03,"[마감시황]코스피, 기관 매도에 2210선 마감"
2023-01-02,[마켓뷰] 새해 첫 거래 코스피·코스닥 모두 하락…외국인·기관 순매도에 약세 전환
2023-01-02,[시황종합] 코스피 개장일 0.48% 내린 2225선
2023-01-02,"[마감시황]코스피, 새해 첫날 기관 매물에 0.5%↓"
2023-01-02,"새해 첫날 환율, 저가 매수에 1272.6원…5거래일 만에 상승[외환마감]"
2023-01-02,[코스닥 마감] 결국 1% 하락…2차전지주 6% 강세
